feature,non_positive_frac,min,max,orders_of_magnitude,mean,std,skewness,kurtosis,corr_value_roll_var,corr_value_roll_abs_dev,log_skewness,log_kurtosis,qq_r,qq_r_log,skewness_reduction,kurtosis_reduction,qq_r_improvement,log_candidate,log_possible,has_negatives
cme_hours_since_last_cme,0.006921056499594195,0.0,1000000.0,,198.0025790468157,13134.335933937693,76.10785656708727,5790.554482901515,,,0.4115834438664182,0.4097290459355878,0.05387769471575394,0.9898147601830188,75.69627312322085,5790.144753855579,0.9359370654672649,False,True,False
cme_min_hours_since_last_cme_6h,0.03883588213114859,0.0,1000000.0,,194.14667442063597,13134.384621523533,76.1078907733019,5790.557953799693,,,0.595282265321223,-0.3670794831488431,0.053778164865862184,0.9515683954708823,75.51260850798069,5790.190874316544,0.8977902306050202,False,True,False
radio_flux_f107_std_72h,0.0004537350059752427,0.0,225.81939774808296,,4.583800939479538,10.434225542132646,10.961032063876392,158.56838091970207,,,1.0131148653072763,2.237089494559063,0.538956716587554,0.9702702329804757,9.947917198569115,156.331291425143,0.4313135163929217,False,True,False
kp_ap,0.07089769234210341,0.0,400.0,,10.523974463026988,16.428344847998602,7.310495517421976,93.67199277021247,,,0.09516462338005038,0.536223218928777,0.6751200513931057,0.9840153257589166,7.215330894041926,93.13576955128369,0.3088952743658109,False,True,False
dst_dst_std_6h,0.00029396915880086145,0.0,158.56088911063637,,4.102976600467982,4.572172052997215,6.960445194661818,100.20134993446283,,,0.8818669886448884,1.3265343219718009,0.7673559130364638,0.9815264103976605,6.07857820601693,98.87481561249102,0.21417049736119675,False,True,False
imf_solar_wind_density,0.3167070341707194,0.0,104.33483581542968,,3.916459809586328,4.735401362157985,3.207259709888204,21.97467771799961,,,-0.056028707925344236,-1.082456742756673,0.8675725392949241,0.9443261917509409,3.1512310019628598,20.89222097524294,0.07675365245601684,False,True,False
imf_solar_wind_bt,0.0002492347215920347,0.0,71.99326705932617,,5.914600979805947,3.1959710552032368,2.9916997001808996,21.5027749550462,,,0.42169906737329205,0.9625700573658365,0.8941576129209599,0.9929288585136297,2.5700006328076075,20.54020489768036,0.09877124559266981,False,True,False
radio_flux_f107,0.0,63.6,924.4,1.1624028211586577,117.25670153822557,45.35165591000576,1.643175740230391,9.359180563640626,,,0.4112492252782491,-0.5840930379744789,0.9464486474150636,0.978130518336217,1.231926514952142,8.775087525666148,0.03168187092115338,False,True,False
imf_solar_wind_temperature,0.153886463998364,0.0,1848796.9333333333,,85294.75279904252,89059.06341735534,2.967007158251589,19.20367558190095,,,-1.7872143543156596,1.4197971219894052,0.8852381354562016,0.7777090143571949,1.1797928039359293,17.783878459911545,-0.1075291210990067,False,True,False
radio_flux_f107_mean_24h,0.0,64.125,508.8875,0.8995944051415206,117.2607013560925,44.394963743674545,1.1162715782871941,1.6214962198363363,,,0.3776579393759413,-0.7656393823644256,0.9492999100516503,0.9781230186211095,0.7386136389112529,0.8558568374719107,0.028823108569459244,False,True,False
imf_solar_wind_newell_dphi_dt,0.010966327750049527,0.0,101176.97451962216,,4618.415850935159,4639.915360140858,2.3617165319754796,14.464921301296137,,,-1.9486873990670548,4.1036975387801515,0.9114261926133106,0.9000245283284658,0.4130291329084248,10.361223762515985,-0.011401664284844792,False,True,False
cme_last_cme_shock_proxy,0.014545082726755667,0.0,979.0,,156.9109401261511,147.3133088580981,1.5767906817996857,2.0365272924351663,,,-1.2929506466957348,3.3288457230037585,0.8982905062686969,0.9512923019232186,0.28384003510395095,-1.2923184305685922,0.05300179565452168,False,True,False
cme_max_last_cme_shock_proxy_6h,0.014385316879581285,0.0,979.0,,159.1947417864378,148.4572571382979,1.5688571069571091,2.0275212667244444,,,-1.3076500227209968,3.471549070145892,0.899992745287465,0.9509566895492845,0.2612070842361123,-1.4440278034214478,0.050963944261819494,False,True,False
radio_flux_log_f107,0.0,4.152613470346076,6.829144878400226,0.21604481785078244,4.6988487979241915,0.35454181121187617,0.4112492252782491,-0.5840930379744789,,,0.2827073297181185,-0.8306630419402743,0.978130518336217,0.9801520301674184,0.12854189556013057,-0.24657000396579543,0.0020215118312013614,False,True,False
radio_flux_log_f107_mean_24h,0.0,4.160765105802655,6.111789050948932,0.1669951575283857,4.698890592230752,0.3527674161890987,0.36660022739568443,-0.8073821457184316,,,0.25356928145473,-0.951267032016331,0.9781276603248786,0.9799124088912563,0.11303094594095442,-0.14388488629789942,0.0017847485663776697,False,True,False
imf_solar_wind_pdyn_max_6h,0.2805488276382134,0.0,5.235176686964109e-05,,1.721459994373061e-06,2.1333950994764885e-06,4.629118775341996,48.717569745861766,,,4.629025054413566,48.715350390455896,0.820537680775691,0.8205399063469333,9.372092843040747e-05,0.0022193554058702603,2.2255712422980523e-06,False,True,False
imf_solar_wind_dynamic_pressure,0.31671342480460635,0.0,5.235176686964109e-05,,1.3234045047477538e-06,1.5961147356483699e-06,4.368416815510394,51.63484951430437,,,4.368334097553943,51.63255858790144,0.8476065404702152,0.8476084048034762,8.271795645153901e-05,0.0022909264029280507,1.8643332609924457e-06,False,True,False
imf_solar_wind_bz_south_frac_6h,0.16430958786802063,0.0,1.0,,0.4949812221874288,0.341647731060991,0.018978554903595766,-1.2749999577722126,,,-0.2380433322438155,-1.2133328746762746,0.9555644373783413,0.9525405267353804,-0.21906477734021973,0.06166708309593805,-0.0030239106429609253,False,True,False
cme_mean_cme_influence_exp_12h,0.00017254711494833172,0.0,0.9851994691756563,,0.6741713285337406,0.2782436083310335,-1.0914409998074803,-0.023598079227932445,,,-1.3222872070839147,0.5983830773634882,0.9138163733776038,0.8924250675862926,-0.23084620727643435,-0.5747849981355557,-0.02139130579131121,False,True,False
cme_cme_influence_exp,0.00017254711494833172,0.0,1.0,,0.6741742978524373,0.2975254268191674,-0.8940472768174821,-0.4176276470433349,,,-1.136721183622927,0.13418421614363307,0.9339846395061632,0.9144026569185874,-0.24267390680544487,0.2834434308997018,-0.01958198258757582,False,True,False
sunspot_ssn,0.12960205522785806,0.0,353.0,,78.11300557902338,66.05787515831938,0.8526364846528337,0.2266485445318991,,,-1.3149445400850819,0.6947236714902236,0.9613516784427619,0.9006206550080388,-0.4623080554322482,-0.46807512695832454,-0.06073102343472314,False,True,False
sunspot_log_ssn,0.12960205522785806,0.0,5.869296913133774,,3.6700587376867997,1.6145251045168676,-1.3149445400850819,0.6947236714902236,,,-1.8885603618036084,2.0515329927069423,0.9006206550080388,0.7997155727446403,-0.5736158217185265,-1.3568093212167187,-0.10090508226339845,False,True,False
sunspot_ssn_anomaly_frac_1944h,0.0,0.07407407407407407,0.8518518518518519,1.0606978403536118,0.43394976762068754,0.15378371488138537,0.21352257187102228,-0.26962180835705585,,,-0.9662797450820602,1.3889140568102896,0.9966989761014245,0.9746678015321435,-0.7527571732110379,-1.1192922484532337,-0.022031174569281053,False,True,False
sunspot_ssn_mean_1944h,0.0,0.4444444444444444,212.88888888888889,2.680335513414563,78.58832342610995,56.804197283340116,0.4606617118613515,-0.7998595183365436,,,-1.363422089987463,1.4384090828365608,0.9723378383993633,0.929736802608254,-0.9027603781261114,-0.6385495645000172,-0.0426010357911093,False,True,False
sunspot_ssn_std_1944h,0.0,1.5873924281818446,70.67327180396389,1.6485708929482015,30.100305229741068,15.175336457375806,0.20471906663544698,-0.5966139017343641,,,-1.3008734913338111,1.7603255390494184,0.9924962210029132,0.948182097820872,-1.096154424698364,-1.1637116373150542,-0.0443141231820412,False,True,False
imf_solar_wind_newell_int_6h,0.007624026227161472,0.0,414620.296479632,,27710.48622691235,22519.005452903282,2.4558015264674484,16.040965512672383,,,-3.80919916737493,24.567552216331077,0.9011282971692144,0.8564990635181536,-1.3533976409074815,-8.526586703658694,-0.04462923365106075,False,True,False
cme_last_cme_v_med,0.013471456233743824,0.0,2016.0,,597.7196748445479,453.1036541228325,1.7741213036081878,2.620000946252299,,,-3.349609531707053,20.60387332003937,0.8830362368843698,0.8440692480962219,-1.5754882280988654,-17.983872373787072,-0.03896698878814797,False,True,False
cme_max_last_cme_v_med_12h,0.013471456233743824,0.0,2016.0,,608.2656458694138,453.4953968592936,1.7458349580566273,2.50651820381879,,,-3.439263938815688,21.318015600760504,0.885189092157212,0.8387580421933316,-1.6934289807590606,-18.811497396941714,-0.046431049963880366,False,True,False
imf_solar_wind_speed,0.010934374580614652,0.0,1187.8898119656544,,429.34671655763356,112.0015509415115,0.20239560876752707,2.1556249441662914,,,-7.809915439788039,67.44186658570328,0.9723131177256864,0.5833238416278529,-7.607519831020512,-65.28624164153699,-0.3889892760978335,False,True,False
dst_dst,0.7896586762440967,-422.0,77.0,,-12.746758350960832,20.87740649882183,-3.353114964348197,29.556924449062805,,,,,0.9094548805914254,,,,,False,False,True
dst_dst_mean_6h,0.7829101668594508,-400.1666666666667,53.0,,-12.746855275574786,19.95310503931658,-3.3527002488051734,28.291876414308337,,,,,0.9080185436618895,,,,,False,False,True
dst_dst_derivative,0.5413889403689952,-215.0,235.0,,3.834380332185149e-05,6.8887659424256045,-0.4903125326629626,102.95408801117259,,,,,0.8220050030151865,,,,,False,False,True
kp_ap_3h_change,0.8680206289661871,-220.0,373.0,,6.390633886975249e-06,6.3513074406694985,2.335508061928343,280.62882247097826,,,,,0.5334198003673483,,,,,False,False,True
sunspot_ssn_slope_27d,0.5599665130784323,-8.222222222222221,10.185185185185185,,-0.01194125445302917,1.6713689832776504,0.13037176775534587,2.2930005593550105,,,,,0.9861126997662698,,,,,False,False,True
sunspot_ssn_trend_1296h,0.5478498712287272,-5.851851851851852,4.333333333333333,,-0.011132602576182874,0.9329284299713859,0.04535054546396489,2.733934628659206,,,,,0.9817122955897645,,,,,False,False,True
imf_solar_wind_bx_gse,0.4954338920877562,-41.112267303466794,33.28686625162761,,0.04230079680803409,3.5313879541488373,-0.07412180700205653,2.0697473438308176,,,,,0.9923046434848044,,,,,False,False,True
imf_solar_wind_by_gse,0.49595792406648814,-46.819400024414065,41.05153325398763,,0.055589789177628815,3.8583360713879604,0.17104227600882999,3.5898699090172315,,,,,0.9869914403630545,,,,,False,False,True
imf_solar_wind_bz_gse,0.49523578243725996,-69.56473337809244,48.75286699930827,,0.01814709042169811,3.0847919923538827,-0.37705973854546665,13.842490834676493,,,,,0.9524508928291215,,,,,False,False,True
imf_solar_wind_clock_angle,0.49595792406648814,-3.1415926522038964,3.141477277365385,,-0.0024115640478152007,1.7422289917208282,-0.01019263193907924,-1.3184112750908912,,,,,0.9718230482112286,,,,,False,False,True
imf_solar_wind_ey,0.5105285693287918,-30524.55237168127,31627.928085482185,,-8.431454479765538,1421.3565666316322,0.2959132966748458,35.669346156529016,,,,,0.9257222225018498,,,,,False,False,True
imf_solar_wind_delta_bz,0.5009234465966679,-57.67953402201334,46.10559994578362,,-7.340282043816317e-06,2.264360798450497,-0.23164911571197289,23.017675098838744,,,,,0.9229214541436237,,,,,False,False,True
imf_solar_wind_bz_min_6h,0.8359460374874583,-69.56473337809244,22.773333485921224,,-2.0676240650790576,2.9445823959687045,-2.535653589859476,31.328916878789776,,,,,0.9179079797110431,,,,,False,False,True
imf_solar_wind_ey_mean_6h,0.5140434179666281,-20541.44780632262,25804.278286718705,,-8.44046726889525,1110.041081115381,0.3265687987577946,42.3055991183125,,,,,0.8637406030455815,,,,,False,False,True
radio_flux_df107_24h,0.5271122642654925,-760.0999999999999,784.0999999999999,,-0.008434358604029935,16.671891122668995,-2.7425141000998017,618.448103770874,,,,,0.5419613388962149,,,,,False,False,True
radio_flux_f107_delta_24h,0.5271122642654925,-760.0999999999999,784.0999999999999,,-0.008434358604029935,16.671891122668995,-2.7425141000998017,618.448103770874,,,,,0.5419613388962149,,,,,False,False,True
radio_flux_f107_anomaly_72h,0.528537375622288,-212.64583333333334,778.7222222222222,,-0.013867560148291077,13.323817787701639,15.4110498519196,630.0976675097883,,,,,0.7541439797555312,,,,,False,False,True
