y_true,y_pred
0.0787415898276771,0.30471707975443135
-1.3729229618007137,-1.0399841062404955
0.9674561075315107,0.7504511958064572
1.0664919240387165,0.9405647163912139
-2.6534309624590002,-1.9510351886538364
-0.7408403795804488,-1.302179506862318
0.08074311549186872,0.12784040316728537
-0.8717081399514425,-0.3162425923435822
0.5775908996726482,-0.016801157504288795
-0.5402061417755031,-0.85304392757358
0.24712697888887147,0.8793979748628286
1.6663833555578105,0.7777919354289483
0.3954293817443124,0.06603069756121605
1.1221431491555098,1.1272412069680329
1.2626187450629354,0.4675093422520456
-0.779643570968418,-0.8592924628832382
0.35470924653048286,0.36875078408249884
-1.2890326588399934,-0.9588826008289989
1.1693755209608119,0.8784503013072725
0.18837557267573704,-0.049925910986252896
-0.17752229360040492,-0.18486236354526056
-1.075922721337743,-0.6809295444039414
1.2875062657570673,1.2225413386740303
-0.1894288749498711,-0.15452948206880215
-1.0950649815302078,-0.4283278221631072
-1.0880397261503223,-0.3521335504882296
0.8148858749582335,0.5323091855533487
-0.9355000931617661,0.36544406436407834
0.5154378750766184,0.4127326115959884
0.1917794741309705,0.43082100300788273
2.7957709043104164,2.1416476008704612
-0.6531491209615534,-0.4064150163846156
-0.18250062194558936,-0.5122427290715373
-1.0122296488667735,-0.8137727282478777
0.6728534993185674,0.6159794225754956
1.4973905581809173,1.1289722927208916
-0.34522531581716515,-0.11394745765487507
-0.34187903471332604,-0.840156476962528
-1.321330154244481,-0.8244812156912396
0.7978892091038906,0.6505927878247011
1.2045740325973686,0.7432541712034423
0.8731730142003624,0.543154268305195
0.29271273107901086,-0.6655097072886943
-0.14955833558861048,0.23216132306671977
-0.5728888165335657,0.11668580914072822
-0.2784789575185468,0.21868859672901295
1.2016500612224084,0.8714287779481898
0.4725570159093716,0.22359554877468227
0.7300418928956027,0.6789135630718949
-0.4938994550646735,0.06757906948889146
0.6725530453545145,0.28911939868998415
0.018935837013270174,0.6312882258385404
-0.8776810286672165,-1.4571558198556664
1.1090479952126313,-0.31967121635730134
-0.28714708100702024,-0.4703726542927955
-0.3473237804144704,-0.6388778482433419
-0.5215721356744634,-0.27514225122668373
0.5898346506909877,1.4949413112343959
-1.1671907972083544,-0.8658311156932432
0.42183073404210614,0.9682783545914808
-2.4063720598233127,-1.6828697716158048
0.5262949410120498,-0.33488502998577485
0.2991843241178921,0.1627530651050056
0.77606612166627,0.5862223313592781
0.5567153971947302,0.711226579792855
0.7069116939782071,0.7933472351999252
0.13355026887122912,-0.3487250722484376
-0.4785203520121749,-0.46235179266456716
1.1233228502695203,0.8579758812571538
-0.28930647380412283,-0.1913043248816149
-1.4467627687039455,-1.2756863233379219
-1.8367442968044116,-1.1332872140034806
-1.9083268171851753,-0.9194522860016113
0.36637979352056316,0.49716074405376404
0.1706740820671816,0.14242573607056525
0.047420335713372785,0.6904853540677682
-0.4444900788538507,-0.42725264633653426
0.18541597257196524,0.15853969107671423
-0.45241360906235284,0.6255903939673367
-0.766908869459989,-0.3093465397202384
0.6604071844251457,0.45677523755741145
-0.4683965763687793,-0.6619259410666513
-0.9398913047649521,-0.3630538465650718
-0.3025138687484616,-0.3817378939983291
-0.6846360329088036,-1.1958396455890397
0.8755089602810309,0.4869724807855818
-0.5170452337096911,-0.46940234020272387
-0.22149403793445877,0.01249411872768743
0.16607441673865675,0.48074665890590895
0.6804410674847726,0.4465311760299441
0.7629370955442303,0.6653851089727862
0.21621651854167656,-0.09848548450942361
-0.35736140548357775,-0.42329831204415375
0.3296637642673219,-0.07971821090639905
-1.6400381674791797,-1.6873344339580298
-1.054768114357244,-1.4471124724230873
-0.8872882271710829,-1.3226996123544024
-1.3995101427138885,-0.9972468276014818
-0.5042977967119364,0.3997742267234366
-0.13373262735278413,-0.9054790553600608
-0.24983318868325885,-0.3781625540393897
0.44198535003800465,1.2992282977860654
-0.7131737196707815,-0.35626397106142593
1.1234527146520008,0.7375155684670865
-1.0734560955763235,-0.933617680009877
-0.46146826752719355,-0.20543755786763002
-0.24958112475409788,-0.9500220549105812
-0.8626766490924678,-0.3390330759005625
0.4412314585799786,0.8403081374573955
-1.621627185668215,-1.7273204231923487
0.6296511095727985,0.43442364354585733
0.48590711950264365,0.2377356023322779
-0.13853093341232098,-0.5941499556967944
-1.3467685440476962,-1.4460578543884546
0.3168214771830741,0.07212950771386951
-0.659097338721344,-0.5294927090638024
0.26402536297306106,0.23267621135470395
0.0756192355502601,0.02185214552344288
1.7093279592304336,1.6017788913209154
0.1469142763183561,-0.23935562747302427
-0.7459246516494494,-1.023497492621865
0.2013841364064077,0.17927563495631615
-0.18456630849875474,0.21999668397176517
1.3930232042717914,1.3591875752404365
0.8211023534667066,0.8351112459145785
0.45346184905610853,0.35687105914950934
2.566565544789763,1.4633028912195618
-1.4506494435934685,-1.188763054322851
-0.42860702318706795,-0.6397515327497477
-0.39234490778337583,-0.9265759414055249
-0.34080884610607654,-0.38980980315576796
-0.2077635879702262,-1.3766861475563088
0.44613130094866593,0.6351509468144043
-0.06017808593874985,-0.22222269709877338
-1.8702091669491487,-1.4708062945026579
-1.1913414487791882,-1.0155790812075416
0.43798080264852424,0.3135138474501953
1.261278599048246,0.8381265678943811
2.1562783087035737,1.9967308916917865
3.5434198906746976,2.9138624660073296
0.3669267779796605,0.4144094332759964
-1.155622384951367,-0.9895381200318641
-0.7800537270916159,-2.132046280731309
0.4648302870648512,0.2677114623438358
-1.1726818682995999,-0.812941095310326
-0.7624891413037198,-0.41535726017968533
-1.0834367563254783,-0.6120967990598081
0.3274937915120087,-0.14079088641638526
0.8837915843410227,1.0659802307876436
0.22072980527358743,0.15704856744534462
-0.19038917425782265,-0.1586348370386883
-0.6699075488553443,-1.0356537528258116
-2.098054991146367,-1.674682944704357
-1.0240940521448385,-0.4863079090733309
0.05836610277247664,-0.05378255081832049
2.0684095559298314,1.767929913579883
0.29654067802170625,0.13027452147288585
0.5780126464743938,0.9827395110230576
-0.16055317749345516,-0.49929559853915206
-1.5568742299648417,-1.1849437664170246
-1.2258860846255635,-0.9651167622323719
-1.1972028268967543,-0.7252260645357532
2.77904890676118,2.1284697324351645
-0.5046759087107116,-0.8213866792243861
1.1409858915757816,0.838489203736345
-0.2793214675158012,-0.9029271780870264
2.3378976369936058,0.9315730128742441
-0.4696620858492146,0.38495096610586316
-0.5258261880966445,-0.1566378976580904
-0.34885006822269593,-0.040762526135434025
-1.0801975066207368,-0.6547876954293904
-0.09271942231977576,0.44607220148208054
-0.6048100123684628,-0.45498348034078
-1.8339076214119507,-1.2256057637672482
-1.1104163905509128,-1.2779375743196193
0.1984370784364268,0.17258791772211948
1.8196055887922626,1.579091256410435
0.41385583939256454,0.15999161357343825
0.18286510060345568,-0.11863832610988256
0.09912167119060172,0.2858261396025429
2.3665734430236585,1.3060017417068248
0.3365980596049052,0.21938250136385634
-1.3421696071461346,-0.41092723083373717
0.6051008371767801,1.1062887100598888
-0.44149505605229433,0.4287564384616135
1.5444233065716457,1.535755991995992
0.12233182519523932,0.18323443722190613
-1.458681880670229,-1.2244690317205003
-0.36269614304540787,-1.368159199245665
1.925419369269705,1.6509279322312496
2.0867149015064643,1.723665720783297
-0.6450559572536523,-0.17951921328260065
-0.8827597668014939,-0.38318732113598775
1.4798470417906795,1.4614442922422022
-1.020542112217375,-1.107045682043488
-1.822882802513055,-0.8947270189558264
0.5531732832642774,0.6433267946890444
-0.3875690814228372,-0.3946051228595896
-0.11269644960563577,-0.005121866720071296
-0.5701381046978508,-0.16344289852451258
0.06780695783836355,0.33757454879893356
1.3190522645273188,1.4074818613137168
0.13598491870676943,0.09058490690174555
0.9463345845521418,0.6439387932768579
-1.509743998555587,-2.0501721010310225
-0.19589226369374285,-0.04871840193011795
-1.07130836835055,-0.8432302702928711
-0.9999852236564749,-1.218813060423628
-0.5727299087233236,-0.8781523669287508
-0.5512236573302549,-0.33412344070081207
1.311099280839099,0.9159025423560131
-0.8366000471615775,-1.326392717739564
0.676474725423754,0.030631492594417446
0.40499102002633275,-0.4841694333335785
-0.7608811636916804,-0.32767309436196085
1.0097069299708596,1.0027578253046041
0.5437542853132561,0.5381154370039261
1.2883613231764899,1.3373981074427437
-0.4791371390549686,-0.15450567924990047
-1.4387236132862387,-0.695942611670703
-0.17751909386599762,-0.22385881688049952
-0.14168103850273467,0.2424967912712216
0.21957009882752354,0.17657335845371103
-1.481409843082793,-1.0843880722333665
-0.45933939129429646,0.09048978162787422
0.345377510327354,0.22822833013890514
2.592934800937168,2.5174740375339204
2.1664855969421364,1.8768446112816701
0.23968853264999257,-0.8532433505588201
-0.1487385959437527,-0.2873833615491761
-1.2209011183049383,-1.4634420018370031
-1.1294876783971493,-0.5907070139634865
-0.32784871667784676,0.3156050035903405
1.9972683442749004,1.2058536208882336
-1.1908237277102605,-0.7290838377436085
-1.1761184758021175,-0.6541464400677965
-2.1668384903469313,-2.147289029738655
-0.20776212723360185,-0.16266592054490767
-1.5136676650812089,-1.062414411859563
-0.6819260367226238,-0.5294394273660737
-0.26217291934253606,-0.8768607781675882
-0.4972593586684558,-0.09426255425255699
-2.454564633539717,-1.7577283913566313
-0.9957484349410944,-1.4670452453909906
2.3753955679973164,2.129247112028298
-1.5976818915983617,-1.287422581274031
-1.8878690865180987,-1.0967855784546396
1.4646018501020324,1.836913528321314
2.877714950815771,2.905067169240407
-0.5887305838834321,-1.1715666288253417
-0.886539944222859,-0.36824895678803055
0.2992956101847728,0.34155555094050954
2.0662699743530415,1.7286976444055924
-2.177490748489198,-0.9868570784282374
0.2716152380273401,-0.24527784594210975
0.18611228995852536,0.777337576061744
0.6007638211950859,0.43476607446661863
-0.2528144964247272,-0.37615607123009925
0.40847023121588133,-0.13382296451604114
-1.0994336179232116,-1.3748958083699818
-1.4268189898396557,-0.23817374397466523
-0.6587771135869508,-0.2663874900089551
0.301272454302896,0.23216988962625595
-0.6528171618789095,-0.555327218819016
0.7103438874235242,0.471538522545139
1.4073990956546814,1.0127158178198286
0.4596551958833056,0.15542932766846604
0.24461893712197086,0.35175640839920347
-0.8700131579823729,0.053155347577867364
-0.22765623133599447,8.439309141418043e-05
-0.5133739594733698,-0.7215580335428474
-0.22872936460193077,0.316494261673308
0.2183507666472987,-0.09728659841348947
2.547364957564247,2.093168308930595
1.6367883906231637,1.5733549024752425
-1.1460433805996972,0.3858465525565008
-1.4021013910506692,-0.7630572096947675
-0.1693168927053771,-1.112411471983418
0.9178740565746761,1.191142953088865
-0.7293223864173595,0.2627492251471385
1.097767097546747,0.4801434033916108
-1.7379081912023562,-1.7445859869741926
1.4799087260370434,0.9274384815581808
0.5928996758240456,0.45442033821436295
-0.8811511163083936,-1.110430684414478
-0.29002018359269066,-0.47152480744994896
0.6124613603170196,0.2637172043565196
1.1911820226342928,0.05246679835624363
0.19333198217603903,-0.292171185803555
-0.8936579269887284,-0.10348826806596086
-0.028646620567433667,-0.25197737820688537
0.7233028961540775,0.15256251210246857
2.07284237626123,1.471491972993157
-2.779960932460847,-2.5666584409312976
0.34562195808437957,-0.23685026450968424
0.6403836211480496,0.17651242137244696
1.5822527081719646,0.2959939896870995
-0.7469154494455457,-0.37191458132128985
-2.0104220706787954,-1.7567217824785826
0.17493595948413268,0.32799548371410964
1.4822391391447973,1.727350214164185
-1.9788717797979392,-1.5338614049161376
-0.5175097391386833,0.8638280136981883
-0.545874959984461,-0.3285252231228939
0.12335468402110492,-0.0613243458288473
-1.2995094334569044,-1.052898510703949
0.6332344194086782,-0.33445617235587666
1.3067325010568898,1.3000445946989585
1.2281697695797749,0.582655241987707
1.8630218117749282,1.732311605409944
1.5906155439243226,1.1774118889776937
0.5787074558963573,0.4390866789295762
2.4283268421195734,1.743934526167792
0.4669628338044991,0.43899315873829875
1.0760485308414518,0.8279881767970589
-0.1134044867096865,-0.29657095353470836
-0.07759691320445458,0.06654581585920483
-0.49493266383793844,-0.6974238233002769
2.106777057693694,0.989583934594853
-1.3135020941625866,-1.1783036231148656
0.9920827888442855,0.7823503424176613
0.438238417929562,-0.19065105750515945
1.7413737339394595,1.1712470934673194
0.7567271975909424,0.7508689887312598
0.6289518061681207,1.8206461576468016
0.989126100462878,0.7307746911386448
-2.681777384964767,-1.5720402556532407
0.6680154425724147,-0.06695317289820084
-1.0872702569981856,-1.172007192594816
-0.018442832430280165,-0.5182798423662747
1.060172864186196,1.5112284332767216
-0.13871992575233116,0.637533810897696
-0.5685532365081627,-0.6989304285787463
-1.03051908641847,-1.013717366440399
-0.21298832020232206,0.03278209287626079
-1.1742295090147459,-1.2165601493811278
0.7125776686195489,-0.6711402773965811
0.7292722452357727,0.31200947155124387
1.6800613390383556,1.1553120361066962
1.0307299180011176,0.6087614722244398
-1.5515584366720034,-2.2912895085981
0.20933089257988735,0.3043667290302598
-0.955347080605069,0.07203357323257792
0.31959721886968817,0.41389028537269307
2.022077536649458,1.6162096816512073
-2.5481384743622795,-2.063238276804743
-0.6792864004357708,-0.5911034251911056
0.2450214512921981,0.5909063227933546
-0.8305797735323771,-1.5815943994539423
1.8506775557567907,1.475949048053509
0.6941269230226379,0.3683566127006584
1.1573846424038896,0.846583985843404
-0.589568287797858,-0.5709436615217945
0.9125418312299622,0.8137636899662105
0.47587926572287953,1.0684715559890383
-0.8603429692381155,0.23287802013716835
0.30944145787120797,0.23440089269869593
0.4323383674177981,0.2703432392817259
-0.2587129805266929,-0.8633452647393817
0.6381392278008309,-0.14752868024035293
0.6324767100471146,-0.1525225324523588
-0.1156179322934438,0.3833938643534951
0.8236917294354099,0.9998242469102946
-0.8183689340377196,-1.0585360819784093
1.140943308551511,-0.12500903031957764
2.2215051495159313,1.4814555476589732
-0.18388964781337402,-0.7435882288125641
-1.0161439950649656,-0.8222500172903203
-0.2392936237463687,0.20230619183119358
1.2388391321769399,0.8443851904853201
-0.5389045765565207,0.01142605556065933
1.2097424149468379,1.3289605904369892
0.7994050080655655,0.8567939825665268
1.6382761114514657,0.8418200668900618
0.3767678498442545,0.5541165013240933
1.1080282810597772,2.327653100346085
0.047060634965189974,-0.2051616888660442
-2.353033218618477,-2.003522292066514
1.6255698737360145,1.604254361517141
-0.5010517813778874,-0.45769943095682564
-0.0289715535658511,0.10788044434303304
1.704720975752879,1.309550684860527
-2.368691980235279,-1.6022595410589253
-1.5101543265833195,-1.2516472141061394
-1.259258980560163,-1.6012779371188537
-1.101178677697608,-0.7941362900254239
-0.36476674861799235,0.43963660601699356
0.8584655144411388,0.524187842812771
0.8378214945493232,0.27627417932855375
-1.4352634877138697,-1.4127658838923665
-3.2905262358674103,-2.310103436632644
0.40733845873979035,0.054353585390382264
-1.3017199743481798,-0.47177603363833576
0.6137854101406947,0.45938577171661177
0.2582217138501902,0.7019536262212701
-0.44167821082480074,0.13824143205868192
0.5391780768360087,0.7601330853758538
0.1375625959014385,0.22921137411506842
0.20796058040824256,0.5300647056014667
-0.4103216237623071,-0.7046732628698824
-0.40264610306087545,-0.17961141383145854
0.6868715324928683,0.19677609665695725
0.9611150582391585,0.8205284754174188
-0.7425197755227262,-0.3937411722245721
0.08819731381596968,0.5211672557321126
-1.0895869414390984,-0.265838791915379
0.02782442160528084,-0.11754216732813036
0.652225268398394,0.829519042024073
-3.1791581350859133,-1.993060371054156
-1.564329764459461,-1.296472328074761
-1.9327024120702967,-1.4821853974428207
-1.5457773237629746,-2.3336161198483047
-1.5296537461018316,-0.6782644401551767
0.02875849986071355,0.7494338997277404
0.27010075517027515,-0.28488406638257474
0.8761716606738337,0.19779008194185213
0.7167260273479719,1.0892174967107926
1.0116432208632362,1.3276861322676916
0.23897976355051687,-0.06913793472613955
0.19003599109674219,1.3535858895693973
-0.8384701838186689,0.09212665843410921
-0.977764924252818,-0.8373982238274621
0.1805449308658278,-0.5944003521987352
-1.698401556648386,-1.4805365125650163
-0.837665457866075,-0.8881338537336524
0.20887794820757682,-0.35801668807442916
1.8570273860176747,0.8035850193786016
1.4323455945918275,1.7207698311659838
-1.3905998772437531,-1.38218151537704
1.3038550789313401,0.39282746825991893
-1.8016435767532486,-1.0405439391575344
0.9884876237401128,0.47469708846320197
-0.6402444168683558,-0.1310866506877266
-1.779669642295952,-1.8309058258475304
0.8069874678683472,0.9282969915684843
-1.0840065131593457,-0.605000712808731
-1.0254512022026923,-0.5339002383735546
-0.9315452291628127,-1.06975241128969
-0.15651361260621444,-0.6542832766875555
0.3630223391006656,0.4278904406949172
-0.15418776156979733,-0.18924434093640552
0.6142490354280046,0.32866200228248105
-0.12388753257763624,0.3619218539288437
1.6905079097346285,1.320661655528167
0.06688539766549417,-0.3427861508643793
-0.17504466747052683,-1.4768578168457318
0.8791703212921919,1.067222416571983
-0.5605290729313185,-0.3314881720972547
1.4990753803642498,1.114592444577377
0.7929291976385395,0.3833771131824704
-0.3986811068917009,-0.13113753020334493
0.14719455558127068,0.3487758940462951
2.22157797923532,1.9510125601262995
1.6631884086864224,2.076980529053753
-0.13588585887472876,0.0693811351327787
0.20498697700129262,0.1601905933170753
1.5742094998775147,1.0762401574663856
-1.1479603408571175,-0.8456610327673472
-0.5881218583970809,0.3330703726182551
-0.9841615817129619,-0.0258628479538564
-0.3157983218955131,0.3139082114575536
-1.4899526650493744,-0.8333688059494058
-1.6668728726189235,-1.589567493308969
-2.6674235127900943,-2.0729834359912918
-1.4687615929002098,-1.1173841129896078
-0.8457182274303578,-0.458675284939333
-0.5134455170727585,-0.2931915866487618
2.598483328191078,1.9372311624295169
1.4369671646225566,1.1059933699072981
-0.9540264087036253,-0.9620911163416273
0.11719531216053788,0.34770845245095694
-0.6236945646618357,-0.4070782363503251
-0.12049060306412038,-0.28436383804009513
0.4774101860915271,0.18532564941538202
0.16536236392509307,0.6191711169753933
-0.3210181060768996,-0.33925848388401536
0.04804174840284503,1.0638515327343585
-1.0360813340571056,-1.141938226142404
0.38741368334161147,0.006339062362268442
2.4576394131553947,2.5976737265958323
1.1313432406953279,0.2230797426252751
0.9925952828881476,1.4332145066061728
0.20024038582483883,0.09152017817320818
0.562864721996819,0.5807770953297967
-0.1069320281143957,-0.056783194392691534
-0.22756866516657825,-0.17040758116420443
-0.7259298817206838,-0.7794823967254196
0.8542807306894031,0.4303013589575532
-0.16266907104839579,-0.8515371891857679
0.6644601140613504,0.6655852363134291
1.4929450405317266,1.08528700444591
0.01564793410383869,0.36653140723722993
0.09672899280742464,-0.28624873355569186
0.07296981739520092,0.4539655793086961
0.23665691249765347,-0.3086730555464126
2.0408675641617693,0.9355471254651493
-1.8924480282008196,-1.8314060842151236
-1.4318791135223505,-0.3356073681186462
-2.2648484617464093,-1.9908119951239978
-0.8791232630825534,-1.495060830227205
1.6404006233265318,1.3638622298139094
1.0196417813092007,0.895184981971686
-0.21514605530737085,-0.7194802332847904
-1.260276736416686,-1.502503456040897
-2.355666244116083,-2.964528837841651
-0.0837836696091418,-0.5434955079326346
3.181265238615882,2.4204150122474024
0.6142823134167745,0.4348842714636474
-0.10694258530251216,-0.5595722860494895
0.3115166729574136,0.46508020950030626
-1.861688758773946,-1.5609583529944429
0.5560604575118513,-0.29732336269763543
0.20757981117708252,0.09947747301573849
0.31633963111014096,-0.08610065182104851
0.8526761288957757,0.7908061216900806
0.051387400776070236,0.34464522623605237
0.6738174643991977,0.668326018107997
0.029624726653097677,-0.6883722822307594
1.17543544555026,0.8978154084105481
0.7732003677587619,1.6289369476239914
-1.07777174793949,-0.9701495196514126
0.003451240637796227,-0.8876956557145598
1.2288859053952548,1.3357843363202329
-1.0915833325621507,-0.19134398669506028
2.350345834777829,1.403821392066557
-0.10133945698578756,-0.4425357118921839
1.420039146864311,1.4550455762707113
-0.05422305123558213,0.13148581680545218
0.7994047882185629,0.2582288233226952
1.2937263215568082,1.5647180216699044
0.21235773481382292,-0.36177047744417123
-0.6700244530628303,-0.9411220959249583
-0.3262232452846794,-0.44856420802835434
0.5250913533109364,0.4523339506431387
-1.6532430905376034,-1.5657590721805144
1.1602909627557545,0.6374709026511215
-0.9714427336686603,-0.5387713176177432
0.33685009731845883,1.1478126607335635
-2.087040243454234,-2.3942603049004716
-0.4709466110705948,-0.7865657751041687
-1.4463475749782186,-1.686468151234102
-0.6223652815549332,-0.8262294663639526
0.08739571194016921,0.24766590110894313
0.21451472674300773,-0.1792266254497549
-0.27615663232528537,-0.25337756894801494
-0.40274165178764987,-0.1591848713800608
0.04744258449224348,0.20338824061994343
0.0017838074448082164,-1.0085360419431078
-0.1606384001236656,0.7068496408990508
0.9125600225333833,0.6626659703854839
-0.4545172761557576,0.385037937656101
0.5024167735897765,0.5565334427512632
0.07960425823156564,0.2964180008086595
0.9925591543911285,2.0350733027310675
0.10742462416437161,-0.0870941710525099
-0.4971022494306747,-0.30708321833457675
-1.8031307516379997,-0.7535275803573779
-0.6124786251907108,-1.0322626705778368
-0.5269686986066079,-1.2444717876010754
-0.1437351420826325,-0.8887973132309185
0.10879783867366426,-0.07068038165207131
0.3573241977862722,0.3342951284977145
0.7152203690000603,0.051142058552161786
0.07565651524033623,-0.765535277429713
1.4669689154577759,0.9001845640199633
0.268643871186047,0.7394126723009475
-0.05897588081455604,-0.159648307422017
-0.43315807251899774,-0.652916144664712
-0.3563805636288151,0.5484279208297995
0.4226539172964915,0.18797358748610446
-0.31163134642535306,-1.4481272594150476
0.2519878269159908,-0.0679802559844049
0.9987423527952592,0.26203581207438104
-0.8082374214234013,-0.8996947864877538
0.15323423084553225,0.189843392837443
-1.2641867902173014,-1.4548224852577891
0.9282727760199545,1.3361861000121709
0.7660623914422375,1.2479499850594318
0.38063494428171807,-0.25251733430296475
1.0496255092723323,0.36345433783907316
-2.90547512359355,-2.409921965799875
-0.6723482579884006,-1.1563476602653329
-0.33725890795514024,-0.2937789201521298
-0.902228734181644,-1.0721330214268592
0.9445058023481905,0.7143964826306588
2.4944717648101533,1.997296530747994
-1.1352556184977076,-1.176614719429302
-0.13238240643422472,-0.8374634040851927
0.3901547881898927,0.23544836830993032
1.923208284734387,1.6111161484996208
-1.6390056083085263,-1.2223743125399031
1.328365627659359,0.24903612230694197
2.056211312415592,1.8212988508131087
-1.2952604355067177,-1.6517591481792673
-2.0851621124516027,-1.281069206845832
-0.8349576180003888,-0.42360660646083825
0.09835343110395423,-0.520588412855411
0.956046846899947,0.8126012877536446
-0.7152301475936249,0.24165971982083806
-1.2558170951502188,-1.7749620596421283
0.24351900072444915,0.5154104029008109
0.12811960558270552,-0.5775388873556505
1.2305293776393893,1.274447216941239
-0.5252341934266547,-0.6275875364369197
-0.04713799380641148,-0.6366152831022357
0.09238512537720028,0.5411316108045314
0.2665030784199668,0.7629264823369366
0.3498501537371499,0.4480993639362036
-1.2720109175741972,-1.6855973173848082
-0.12740418637849427,0.5380344399282511
-1.8683253516189473,-1.034308051674399
0.6471365751101597,0.2352761115882635
-1.725223591682562,-1.4237344353990602
0.25020914108292214,0.44632214754306365
-1.7350041052774556,-0.8065989043073726
-1.6221243074365128,-1.2826346502605217
0.7100364881668242,0.7138201364823995
0.7068334504881973,0.2416445216767513
-0.9995918845102165,-0.6139768013928971
2.2798669091373123,1.4511788490210642
-0.7829304336596428,-0.44065242156974244
-0.3094382268216527,0.03210767397093466
1.037592223627502,0.2689134476786009
-0.513935857946655,-0.6196659341286136
0.19512392889414104,0.47113629339992935
-0.6110189127550212,-0.5334523471647244
0.2648984665548204,-0.4116383222162092
2.095744049616182,1.362642639803341
-1.4489826421475611,-1.040586052512433
-2.4339972359690445,-2.41278033092949
1.6560154088456809,1.6109369950118944
2.0562078973487043,2.549327952607003
-0.433111791774329,-0.40526926544933184
-1.934176610394335,-1.9368380406201853
0.25962076327242406,-0.31048397619594376
0.31748956431493125,-0.2862229498406692
-0.35452854020176106,-0.18992384102225704
-1.2203646138522541,-1.1133880419218483
0.9117072935042951,0.5795611424764774
0.2319131508225804,0.5245073752860862
-1.200085543950605,-1.4944056198193065
0.6552434880102804,0.6991967316948878
1.5679856930765808,2.052684981945891
-0.30645802400276345,0.17196033243705985
0.386204185947045,-0.33732516206850605
-0.2202139539791706,-0.1420032144075213
1.4354338139177167,0.6152567669685612
-1.9874897358646733,-1.7306716055072182
0.30999330354304894,0.16439070297730224
0.8058744120463106,-0.3904639494628101
1.3191316406244058,1.8478250129560454
-1.1230799837548462,-0.17417273380495787
2.3111826767631363,1.6678876111195198
-1.517145250478544,-1.1037406977820072
0.5769059847496754,0.5872591668027922
0.026441158565436385,0.3194002637912288
-0.7349658573871243,-0.8690472478647824
-0.29787198895593064,0.17739611463694044
1.1225487928899474,1.2125188368316004
-0.09888404100833359,-0.3237917042866007
-2.1961170923068942,-1.6919626491697632
-0.36760484130039034,-0.01756282647744591
-1.0761145115917785,-0.9024230947925126
-1.0567486557770214,-0.3423409386638824
-0.29286826108449415,-0.08158776968512098
-1.6462539460640664,-1.7056522160155172
-1.8154328101148922,-1.615658339320678
0.346378589059663,0.48206683552552526
-0.532669531622973,-0.5227186961696804
-2.892616073036724,-2.564744341820567
1.1303753195415736,0.7848440366081351
0.9903588176751277,0.27236975527423984
-0.9460650201342082,-0.713874824036484
-1.0742310953193879,-1.3168302110582415
0.7159993185970137,0.8358078963143372
0.532094295079682,0.3493506225604296
3.1654920482857003,2.3826022826840734
0.6745183702339868,0.42018859872493736
-0.4990041281428255,0.3877031412620148
0.06006988561491433,-0.16692793010856513
1.4332077388552955,0.816775867200791
0.5142871162491024,0.6250852012481537
1.7495424116241112,1.251725008565195
-0.8663806892132577,-0.5213229186372847
-1.1781770527050992,-0.4354074729439623
-0.4085186614956601,-0.4791031709119801
-0.08743663919416789,0.7908017211789892
1.3784889338499362,1.498374440296732
0.18458063817345083,-0.45884049314930064
-1.3796551806662316,-0.42477372779309125
-0.32567117408714974,0.3140772238697992
-0.7617776225936902,-0.24576150001290142
0.92039372328441,0.95205365313989
-2.4346356834421514,-2.2517772906190467
-0.12713685606885095,-0.8267050469168946
-0.3052421694155971,-0.7824163339614458
-2.072719539351846,-2.320356012386145
-0.8908232871968617,-0.9636384443688041
-0.7185412273535126,-0.9151561158459262
-0.6320958321755178,-0.20110465451883033
1.5415710684385697,1.1129658916602636
-0.801082778370303,-0.24506065119070236
-0.6131252233200384,-1.0308137202711538
0.5361167098458866,-0.056954541213528984
1.154605922485393,1.0491736214413494
-1.0640653455958928,-0.9759588161149049
-0.710419929766612,-0.9105748839214486
-0.8722102257761131,0.5585489592742234
-0.07040700648806991,-0.22153611573080054
0.5908076917895708,0.6474846907094743
-0.03896084832379227,-0.013646791795296761
1.0549299045384808,0.701663648089567
-1.0724625748230048,-1.0350781140406409
-0.5821880791138465,-0.01208465078826744
-0.28139134977584584,-0.21069001436315682
-1.1821131820637185,-1.2158909241041307
-1.5060109920781821,-1.5634779478686884
0.7667087189171958,0.6857490352746618
0.16873214024129857,-0.3509523822179781
-1.5652975581644033,-1.0222802816473295
-0.008328708840907292,-0.09617893692333225
1.772983706658423,1.1280188573493026
-3.1480435938405207,-2.280737845371923
-1.4068153495132996,-1.4966386899033264
-1.2155756928817893,-0.9228864418952676
1.2758236744837765,1.461178866720329
-0.1698167686879145,0.2825869829192965
0.6825418826110048,0.7673172404612268
-0.21953311191277836,-1.1401609191262305
-1.751751055859133,-1.1195358752705262
-0.13699128451670328,0.4478137167227104
-0.5926929541463057,0.05827433093544655
1.412447962178177,0.5487388188641266
-0.4188408436890956,-0.18767099092845213
0.26532419628078985,0.278143726454627
-0.04327238564801067,0.15811908490510918
0.30555594988337964,0.7777673890849254
0.689432958637253,0.8070082819444706
-0.3907501915234899,-1.6198719943917699
-1.551233094853728,-2.2472685553408556
0.575276488755371,1.0017453976515072
1.5115121447927793,1.1877250932619365
-1.4363844058465256,-1.0206230195133374
-2.748019225968739,-1.8598354065456286
0.6087902798395157,0.09903482100720092
1.5108846496723047,0.9308382263505294
2.3206206479582643,1.7975945224343146
0.28136494749166463,0.516297572101451
-0.45510456358668805,-0.37171669658569495
-0.518247844755801,-0.8931306215848627
0.207199310344708,0.011451291670654416
-0.49608343953377854,-0.2992647038852564
-1.8246038157878983,-1.0150679057288161
2.1056932479342927,2.0487556508632867
2.3246732216901878,1.785168402072131
0.5372545390383499,1.1360486835554284
-0.6014707069711391,-0.9208503978091276
1.020790171864125,0.8550193242972788
1.0147005411140686,0.6396264094979018
0.8785333740635566,0.44254562420405297
0.9024326460811006,1.2496652670437771
-0.17310855722119567,0.6353711428612774
0.47325447346289584,0.7400142363043355
1.0814699421357137,0.6369062833722101
0.06978945623912036,0.3407914080021059
-2.1306327916430043,-1.7836111297141835
-0.827054093551762,0.08362107741055723
0.3201318184263443,-0.5561919588491252
-0.8669841369273655,-1.2798409576400205
2.066764609938206,1.681816619300824
2.2128580342754405,1.7289953408857035
1.6475747810673127,1.359220600295612
0.13304898926611008,0.2552134168558746
1.268743068891556,1.3506251209526567
-0.20172900169423688,0.012053180601825543
1.5201676541052795,0.20279727689777938
-0.8155153548122617,-1.093471370461983
0.16509108382312274,0.39699130449884
0.29313431550755703,0.0603859284244171
-1.8080865757626232,-1.3026521168344645
0.7010562474780165,-0.051197111816596905
-0.4102641117603785,-0.07972956385680847
2.048103882955873,1.79756116664464
1.4272021433849766,0.8942133285134095
0.2038297111939624,0.011445439091466015
0.2960223057109021,0.248787309801083
0.04961342053220563,0.044212378104198057
-0.2311345332391013,-0.20291398479554773
-1.3707764418520378,-1.0824271973882869
-0.37579359249178135,-0.15105187760692926
-0.006303069827045871,-0.7460982566525134
-1.3045838552657247,-1.2503155389231464
0.11832367985614811,0.5112218145475347
0.13311586150248067,0.39126465993323495
-1.2365221710194665,-1.786707511368078
0.21511867908711202,-0.12268463749512722
1.275865975016052,0.9957013858999235
0.9304631394414251,1.0592237388963208
1.3125180779717112,1.0258368428852387
-0.2828673555738642,0.0389132069014598
-0.9748523436420384,-0.8450453279691511
-0.5987965836621878,-1.0836988273580606
0.7817437442098897,0.3446049047503575
-0.11167488861023861,0.379280034365163
0.8595678851507775,1.2873311116050654
1.1543307267487883,1.0999796503420836
0.7308375308035828,-0.1322286565311721
-2.2019884610953664,-1.2442058788608694
-0.1799401272256457,-0.31910659701089783
-0.4707904709760494,0.21723119481052466
-0.5192487421521769,-0.2020832453894041
-0.7601083171097766,-0.5778941080776558
0.04263064325145344,0.2528848149698989
-0.7708557112402147,-0.5039577414106104
-0.6244625535371889,-0.628066083725374
0.04382505098815037,0.31145283430343956
-1.1332212725562811,-0.4019925801292048
0.6340391952397404,0.24410438897835213
0.6496401064265629,0.2732040228521227
-0.7178418460802402,-1.1394290010915746
-1.2516083719974531,-0.4812411238654122
1.5872360162085377,1.4377769399164624
-0.8240900848308255,-1.1620795127342871
-2.6322554831903235,-2.116654448970531
-1.857258529151447,-1.8618451532425115
-0.02902337607851367,0.029109946576669203
0.9519926073168308,0.03091727803269891
0.8446371630811655,-0.11761085542512094
0.3820116322634012,1.2141898289285016
-1.4258709302389432,-2.672834433102938
-0.06167898614583833,0.3959338744308236
2.0517748489672862,1.5614382018035733
-0.6425317744598485,-1.127780764891714
-0.8776516252107984,-0.3798065117898951
-0.5062580203090714,-0.7528919172286209
-0.9481129182105608,-0.8943460460775288
-0.04909700270684464,-0.32626200502304
1.5428214348748175,1.4274852836845047
2.4355564181726437,1.8373866754875203
-0.2982394534671166,-0.3359392250401477
1.8211231793513145,1.9050602140644701
0.583608593513215,0.035576476984624864
2.0438890091303827,1.753691026701081
0.27260804750695217,-0.09329864965349177
-0.2012355100831541,0.1310578260461443
-0.15715691805640247,0.36547447264283456
2.8949926077411847,3.1788536793675353
0.5408748820044947,0.8512855748447891
-0.31416489562500644,-0.7072645299514636
1.456989895422884,0.9689978702758579
-0.4393976818505417,-0.3618325370843415
0.22570932651096703,-0.48975018290120914
1.5928360567746762,0.9086013598921112
0.1527850459714224,0.031085587771152785
-0.13236997125971395,0.2785759145118061
0.8016735465830626,0.013985221865292462
0.3060744510912306,0.3365831266054347
0.4880484956516365,0.4249658974361492
-2.1067694455086996,-1.9369669327054153
0.2216775054609348,0.6665726686095336
-1.7163391349879467,-0.9820194198303006
-1.125864973780767,-1.4422991355594112
-0.45011177080699266,-0.05841124385868244
1.613746617812866,0.08398100331445427
-1.2365429558785204,-0.6935061645722808
0.20234062017728938,0.8310318576679744
-1.0871058085641865,-1.342175166370907
0.3577129907110887,-0.40694374877255896
-0.5525793064613899,-0.5848741349330007
0.2395339397542978,-0.04658727033933937
-0.642909424082116,0.2788642846472388
-1.3466487224694281,-1.0078929496235447
0.18747481288744472,0.7242826774562282
-0.8845205566392408,0.06300236833469973
-1.833456136299967,-1.8919462533119105
-3.0800052512022478,-1.958591440397031
-0.6734172759730356,-0.012319292929311235
-0.4895642147930631,-0.2209673177863541
-0.5190630315501716,-0.1034201135746335
0.17022179457331588,-0.02798245653021798
0.3783499354614207,0.22555983951018072
1.394548982816028,0.9476496098482997
-0.7349130345612191,-1.1111049009175582
-0.6015651982201043,-1.1719715929007948
-1.0942830578919096,-1.0933238578873825
0.44065011757704176,0.2889166671687069
1.500704229606041,1.2449473786464456
-0.36051108954399763,-0.4313394382395105
-2.7002969991181915,-2.5016998441596545
-1.8702141297802606,-1.7039928626103755
-1.2418159219609943,-0.8330367227960116
-0.34692047254029995,-0.5577288874952148
-0.4553962142973042,-0.4083886272547264
-0.2930057523374654,0.038581122980917065
-0.6428687404847435,-0.3117463308224471
0.4441402466520129,1.0493396105434072
-0.1865966350627689,-0.6760173056813688
-0.8230091247096493,-0.862317959475543
0.047475528733826544,0.4788755385204616
-1.1313681951251102,-1.5356420699261193
0.10946730042281572,0.3896917053200022
-0.6006971297798495,0.10255318372626686
0.36316865469139903,-0.1474424899181674
1.3197276123662058,1.5882761071492624
-0.8266569903991127,-0.6222074452947179
2.080888180698667,2.0602981705240784
0.3458631621669581,-0.2254314492280993
-1.2669977995370723,-1.2770164449702281
-0.5296389820777898,0.0699195809948253
-0.8043066982626781,-1.0762452003187681
-0.9942507099443623,-0.7517558478135002
1.3409952857802243,0.39703330001549114
0.5550222276511797,0.5555820886501248
-1.7396854492035914,-0.6221677002542582
1.1660876311242376,0.9874051450464006
2.129806654151248,1.157507758021134
2.2242619008359856,1.436301756563291
1.4448905515040047,0.5294134071257222
0.853548619394967,1.3634287120856987
-1.4247222299856683,-1.8807984279740577
-0.6789038184968184,-0.31790654862846257
-0.754860556614964,-0.8670052563234263
-0.5172503532424741,0.11922586112739209
-0.8936771016380954,-0.5714492191967373
-0.5042811906315401,-0.16615784194973238
2.3314525202753575,1.8821748802040494
0.23063976441444942,-0.1697197964203783
0.5522021818556243,0.4137923171902139
-0.907480038951928,-0.2322693299242352
-0.08010642901802632,0.07571328795683367
-0.36704156103529156,0.006016680436071459
0.8831619443204051,0.4483240659731595
1.754399961955769,1.165307535547177
2.175586790618771,1.6473939976033294
-0.06798962779934342,0.30962008190916684
-0.7802196751091375,0.5895468860356021
-2.034345458250594,-1.150864509185567
0.6229367466254836,-0.08787674241562057
0.739661995223677,0.940289464883589
0.49060632928459696,0.8659686384171532
1.0329398795131672,0.21160973279505021
1.5189739323121159,0.8863939595679524
0.5029910699537122,0.49076670899381886
1.0536047127273347,1.2003062582593216
0.2233085505505485,0.2893591569571111
-0.24211691637730162,-0.35569831557103465
1.1358648975928276,0.33584125693302364
-2.7193606637341623,-2.9305943758527757
0.7459002529046201,0.38288573638504947
-3.063777770679698,-3.6484128252147836
-2.3083014079176274,-1.723463407405418
0.8291995471780056,0.45176860094098414
0.33024495993598957,0.47752933726679525
-2.420476378026313,-1.1624287801399305
-1.7761868128718448,-0.7121020418789388
0.8614821828547892,1.370540988614132
-0.21841851727638545,-0.48403013157267616
2.2998200950731333,2.242920312402985
0.09026350041148586,-0.001919853176346149
1.3835079182246128,0.4080361768812668
0.9823295910687014,1.6168743984986076
0.11731043910155776,0.13102711619341956
-0.8501262192838934,-1.0023439806908012
-0.47786400996345785,-0.10972745169429012
-0.021447363648620453,-0.03561073619009093
-2.164716319243738,-1.3647416522015654
0.44912103729669056,-0.25583207134082336
-1.0829993702626535,-0.7421920939974367
1.9400578395766854,0.9243577571874341
0.018374712226528093,0.03461187418525562
0.23123103355202151,-0.28279574914757005
-0.13283336511815344,-0.10618193062257626
0.20775010227590124,0.22312201840616613
0.3247995330787759,0.6168141996897798
-0.9401502639862426,-0.9997122286693814
-0.8825882854142482,-1.0415876326212719
0.71254996094494,1.10467921540253
-0.4748590801346727,-0.4123368722047306
-1.721891525625431,-1.416842092596874
1.593644744190524,0.44381270938310463
0.41850442107687763,0.4633698060326869
-0.7580991814084268,-1.5307152572567064
0.13167055005976214,0.2294817154636063
0.8652269131958276,0.7355830924283736
-0.28629558411637157,0.37438645170626306
0.408445187827463,0.6319814837613953
-1.2990017626961257,-1.404269098090749
1.124042070476129,0.3310401549961956
-0.19162837063231097,-0.30261975947044656
0.20907002187185475,-0.4827901587246448
1.1909201645211867,0.8705556094197265
2.292975180406573,1.47927451067423
1.7648489459478311,1.794370054600359
2.509919226831807,1.314807871505905
-0.35243228308724517,-0.10973418163018368
-0.03051075407249143,0.35272016302634307
0.1617964469397266,0.7668228717842437
1.2866902850784971,0.12117794929946196
0.5404879742204931,0.13076418791154437
0.6566927651860278,0.823753131876182
0.5652287024108152,-0.059282646025932216
-0.3854408438147705,-0.7292869363736615
0.5685906698519366,-0.4144730658358585
-0.1400060386362133,0.6339103777337424
-0.12968676295717155,0.002993291199955732
0.10894928489692515,0.34020997686833787
-0.3167620960021109,0.6700792422021898
0.15532213949223744,-0.3748414628976096
0.6210498857281268,0.7562481636298061
0.7486582059516755,0.37884260345839443
-0.05492711974667275,-1.2348130869114786
1.2656829452724403,1.4423047911862443
-0.7113212350854937,-0.5007447437569161
-1.5957632583231858,-1.6550953431851838
-0.5514200330945975,-1.0450437095863023
-1.304401673333397,-1.021045160678322
-0.26330747990853187,0.05217331865753347
0.25474412957444575,-0.2738505055462372
-0.1475123057215751,-0.33683196764059287
-0.40266216601993143,0.6197019654824789
-0.2728205385418503,0.3398753611927038
1.0666658025578915,0.31604787064428624
0.6107925988680989,0.40982845732869266
0.23503670248361375,0.6161346680022383
-2.193158170394934,-2.107953341777443
-0.3578199158636261,-0.3644382522644612
-1.8123433843493921,-2.180210064489474
-0.6430717706315993,0.03605992679779541
-0.42510754155957436,-0.00463297222434532
1.1820101522213746,1.0455322747896802
1.1377171024733956,1.1876343927211208
0.4887046395707223,0.20277504825236733
-1.1151147760766986,-0.5003610773968998
0.6637254506813984,0.48516111254573785
0.01787417236442257,-0.5279176373243135
0.2420166221312928,-0.001392651443348899
1.0556921868415636,0.9861363169607678
-0.605713147272409,-0.5577713459894236
0.38825306285675004,0.8056786392425009
0.6414020724724081,0.6774013686923024
-0.32493889069061854,-0.9547918171308215
0.9143798749173383,0.973894128217401
0.25366435069730003,0.6985663453715051
-0.14419765701003573,0.10192588737265744
-0.6618983093896872,-0.7623234580276522
-1.0459630171659935,-0.85920601857557
-0.29501093537145207,-0.5376625769030224
0.8040163436664752,0.54259446329196
-0.5111335771990738,-0.9556251674013979
1.1492919847523864,0.4375122486198699
-0.7438261666922121,-1.2417555288783926
-0.6711881165128288,-0.20406858443884895
-0.34211946871412746,0.10964775457400863
2.4072444068290046,2.4451301450589167
-1.6029033341400747,-1.3773156555203674
0.902851203009662,1.4720145664901334
-0.07100348309921709,0.14984241398728004
0.17391545120644364,0.41117191801596314
-0.21757595649239841,0.11834791338820451
0.28683207511773023,0.444726818195233
0.4355403207971478,-0.15368510436201774
1.553669202082078,1.4540501814574582
0.7794333938030122,-0.4564711442247224
1.2174886651890724,1.1322345721792477
-0.7894000071816487,-0.6443671202130229
-0.058185405073853905,-0.06025184640128695
-0.9437165630684492,-1.0719625522902192
0.6726506989330517,0.4550237203475199
2.483481619856046,1.4451259569265338
-0.5000164123096384,-0.07735617982085408
0.23263733038495826,-0.19688569870390954
-1.0107416642608649,-1.1146169630679268
-1.014841524837617,-0.2292926535523081
-1.2074448686741461,-1.5927942597215277
-0.27906620631687484,-0.9128779867188273
-0.20180215577957947,0.22678604610913541
1.3145462637954108,1.3190131977413961
1.9465337302256511,2.809210861229503
-1.2159883149130688,-0.5865850850709007
1.9593149454540661,1.43530015664544
0.01054422739793065,0.2437524804016479
-0.7056491342153954,-0.15124764674637586
0.547324633955367,0.4325944517261522
-0.19928973203555245,0.06191648367995918
-0.12501510327554952,0.11039572561221853
-0.038670149989217584,-0.4083331628266692
-1.978976339266024,-1.3981096597988507
-1.9963078088629977,-1.5436252025220816
0.7302848793556613,0.653244883281227
0.20800480528838927,-0.2767000900857134
0.022991251088758213,-0.5960888996561666
-0.32402523345765794,0.008505626723153567
1.2636207363754515,0.7949322529156275
-0.21170720370880625,0.1803639430263982
0.2570497368124326,-0.6560549366409674
0.6594074429390855,1.2262929556489497
2.2434249083774973,1.579185502981632
0.16631360191349137,0.4945566553228533
1.9802867387413903,0.9736635113440901
1.5376203612400532,1.241959996813811
0.6220910517004027,1.1300993164045137
0.35297993734137023,0.6140991771126236
0.9889376496867537,0.5983470470748828
1.0459827821542833,0.5196605733465026
-1.1326954704092749,-1.0973376745470436
0.7230522973413189,0.7007231568595857
-0.9766374548045212,-1.355813971126554
-0.728700241619645,-0.7945994551250549
0.6568126381388996,1.3035650678080875
0.4337331503741072,0.8402201626941975
1.6049582612616953,1.4873982896858626
0.33606682456155457,-0.27167438368729224
-0.34425762919574365,-1.1522488412767675
0.1493275133153823,-0.24043719707034283
0.24567667775875607,0.1020312972405742
0.4533956593312482,0.07898871634000969
0.8003050536532739,1.1336804787567016
-0.4378859051325526,-0.36127042500344553
-0.06003088886681407,0.35203447180292424
-1.6129984547884617,-0.9886271494346061
0.6170917838619154,0.450317278043813
0.09586520347800855,0.003108550185636745
-0.40598709603001104,-0.7498133382845175
0.03722655327137078,-0.2358293621748528
-0.06285361085329064,-0.18417574651522164
0.008153203501680972,-0.2701551293370962
1.7499996941539453,1.7713412422676835
0.10799969530332067,-0.09844600230787963
-0.6069683115205176,-0.24389611017733773
-1.9125979947905767,-2.0974509576101417
-0.5599985093364725,-0.8942073519794773
-0.5979141384924545,-0.26307342445635284
-0.6599366266802195,-0.6858526761766428
1.0699063385631171,1.381707593377797
-0.4281911236542761,-0.16493777539621862
0.7259795717671751,1.2884442493182524
0.6945920966336459,0.061704634050368024
0.5700704237816006,0.037227836421576635
0.17992047940116762,-0.08879644771250095
0.9898942275933661,0.0037962516214591325
1.6241721547656636,1.7187950030498593
-0.8037295191959011,-2.3196107267512183
-2.1153104521202892,-2.001545744438679
-0.41557415517810564,-0.5431708310561139
-0.1843610750325352,0.014527881937568883
0.8762672047941649,0.6901044247640123
0.8908946619705974,0.4730871980274752
-0.4412041094071122,-0.3842459128805702
1.9074036168005728,1.0190436932417624
1.1497700454694613,1.030195403152731
0.3193005243266651,0.18405783127156553
0.5081587252299825,0.9626575724868413
0.48189480070732105,0.2726452634321288
-0.6284966371875664,-0.5614830267828836
0.39369697433136125,0.6978168390000047
-0.2776240814955042,0.11061312257867771
1.3372215366328295,0.001339846754486929
1.3412149471000567,1.4729535721895743
-3.1793648389307205,-2.4508721285400865
-1.766794900025856,-1.4176841701595697
-1.212854346112477,-1.18707042637437
-0.08992713126056312,-0.3632606475688056
0.022790091096626608,-0.2546081697660301
-1.1690183718847846,-1.5073256477730475
-1.307588185629491,-0.9851580323108263
-0.6906214567727975,-0.8608416785235702
2.019394360020603,2.457424092075892
1.4919204562401407,1.8017419477471466
-0.870603904934779,-0.4117494176846493
-0.9577777176059337,-0.3635832903067989
-0.6170992527592898,-1.1492039971882941
-1.563824562735823,-1.9081304132252668
0.3714524985805409,-0.11688018640852403
-0.9781954502318775,-0.9978519832440257
0.3035533177705635,-0.08485053166200977
-2.4808505513647496,-1.6002058490434774
-0.33043069928758023,-0.7619744583102578
0.23718701030534595,0.14862709530283086
0.6797643978585202,0.3662095977839374
0.6074836082663211,0.41747195874201454
-1.8140165614254806,-1.3204889841570373
0.1056658424400384,0.8546857301355617
-1.156238779693332,-0.8002116966018503
0.9153165552437625,0.6328579146073064
0.3344070309695046,-0.010638676618193147
-2.0603586377688794,-1.3763874990779479
-0.8067473883152952,-0.31619770458118795
0.0037458990933479375,0.3653637420637676
0.43431285034119116,0.612965380474599
-0.8220133128707448,-0.14098789744441861
0.8207530075309865,1.5317788906010528
0.596593122782782,1.007510770986559
-0.21352719828725,-0.25665411639975283
0.1598246422601992,0.7501218121369445
1.8758917302023037,1.9337934851881868
2.4897610088539346,1.960484600783027
-1.8788897495292525,-1.2279998808224974
-1.0297559903624203,-0.9265331111571506
1.9972971536092372,1.484918786733851
-1.2674152460195418,-1.0582810508376372
-1.6093759787208883,-1.322541133291679
0.09555377645419,-0.4861941306990469
0.2671256699888118,0.42022670947458574
0.4498508059916876,-0.10239670661109637
-0.43608092484199273,-0.6505636204055921
-0.8456347881794274,-0.674212461724509
-0.47249179911394357,-0.7123370644127087
-0.7192848717359237,-0.8795096286589426
2.792074287777299,2.2816328772760617
0.023338302253045673,0.2975110711855549
0.9073620877955484,0.8867590544047386
-0.5198353079212424,-0.4890774681189237
0.16611739363384354,-0.18595667718604886
-1.2261435785924428,-0.713553981370355
-2.143219810800274,-2.651708334919202
-1.1448448907626578,-1.3780092768478662
-2.4690812167968677,-1.8106186799803947
-1.6456523652113573,-2.2497837779516074
-0.07831243389923714,-1.1953589742981028
1.8258726641563348,1.3249556793816308
0.6690562159088802,-0.04443616770435442
1.3332494531224681,1.290563762321174
-0.41976988296837975,0.4109825769008753
-0.13950139986860322,0.7825588257151592
-0.7733559733706958,-0.9008969953045751
0.22796155032768078,0.5239509541926708
0.2714260949106702,0.7287142340743459
-0.6080206342180307,-0.5766472922336929
0.8673330145468104,0.5595403706161663
-0.16019101480624065,0.5661877585748329
-0.7739914312702753,-0.5495526211300829
-0.36783309071083736,-1.122768432270995
-1.7217725220089597,-1.1841283318982723
0.52138613550394,0.08650554192146179
0.08464448801481786,0.3270098687893148
-0.5196289505329381,-0.7925258304579145
0.5752490949275323,0.02658534132609864
0.9411779196309962,0.5705370361384854
1.0727705157722391,0.6181907146653008
0.9760833534185105,1.5518801201224885
1.8338106855686926,1.2769808321980434
-1.427637990073954,-1.001291432756544
1.8133570923237916,1.6835862095380225
-0.4018534110571013,-0.5309765045557148
1.287434091889218,1.0448728124544275
0.23646496408118411,0.06798662605108885
-0.8340543677193292,-0.4121493784569676
-2.4826305659227907,-1.8076968597749328
0.26460982976453606,-0.1715645102163482
-1.4664659465461511,-1.559383235305609
1.5419876563216812,0.9672992358427723
1.494426190045314,1.516792657139248
-1.4994931696351705,-0.7969109892966902
0.7850355830213243,0.30197074251927114
-0.9105768268385289,-0.7253915220079754
-0.45748300142627907,-0.6284847301367896
0.45076498962561173,0.7744947038653713
0.7836125932734328,-0.03853826184341251
1.3013656298394132,1.7396480419310116
-0.6509473557560084,-0.482232478702921
1.0530606838231473,0.9993363324744892
-0.4486777505856971,0.09741341295778198
0.9610377740380307,0.7957780097442332
0.35879758140379836,-0.4471576573299467
-0.29478991789843795,-0.04955883755158271
0.082072530216928,-0.11549887929893475
-2.210774807865065,-0.8360571148457872
0.6426169343393323,0.6620815345817527
0.49372786261526147,0.6502490055783642
0.1843058937003742,0.5935546949055667
2.0776908887319108,1.5369656539176446
1.2862229604243893,1.4493448012363035
-0.4636834333959291,-0.37494468984913537
0.18445588103964267,0.37305231843417824
-1.5820086251407508,-0.6236006892582127
-0.5426379039239251,0.023355316114555456
-0.1192027060587566,-0.5997494491188647
0.5650949856960652,1.620070309136051
-0.019459524464889966,0.3636981503429628
-0.417889156249304,-0.21802912810442213
2.0654295055021596,1.193618571856377
-1.786313527047227,-2.1706154097954116
-2.2926878583918393,-2.0141025948652898
1.4480955037775494,0.7958386552197739
-0.30978946213319175,0.06046844811736806
0.7549962021277634,0.25044630026076065
-2.0058347262800567,-1.3263961033185487
0.5133952050442124,-0.023233710850366202
1.8004425876658492,2.003509410401342
0.309947499325228,0.8241996197958629
0.061134738604655084,0.1697065451428121
-0.30038182024483023,-0.43905391010493766
-0.6419470671322499,-0.39457285186939384
-1.8522211362023557,-2.1291978892000176
-0.033856520910873156,0.2576404209211606
1.1556693054475329,0.8454831084818539
-1.3545082961523154,-1.5756193271706151
-0.6918784196607836,-0.661416892306816
-1.378155788416397,-1.157464632233422
-0.8895807969261305,-0.9653511948087635
0.32860849833874983,0.05348162682190022
-1.0535025786226702,-2.0844021549884744
1.0839806492561546,0.614270438357064
1.2418500448416028,0.7538550699336822
1.2931535093932294,-0.2511025880369125
-2.2227292716006195,-2.4807085099845416
-0.7540968703465385,-0.9964186260023896
1.5849094712635237,1.2329019341026966
-3.282477269522699,-2.7779942807285725
-0.5694742304028974,-0.34752341219351923
-1.433085411813426,-1.180000778467259
1.1283772901946174,0.8045703015848366
-0.7622012332540608,-0.6751139521434614
0.47306573347276293,0.40395402073561154
1.1091877292433252,0.5654604191690931
2.2678012090820894,1.83622583973002
-0.28380244519599374,-0.20294194367537022
0.041046821183500115,0.37604436962261134
-0.9174181133008417,-1.485055479127436
1.5773591537486769,1.190413563293744
-1.5636372572190558,-0.7605088480713647
-0.7173311335418859,-0.5607541640877456
0.06050993615917046,-0.022247794849210738
-1.1734694867793338,-1.5628843453398495
0.6838207763988235,0.228770028928938
1.1094192735127475,0.9674662729250108
0.5855575891767195,0.2929338234972916
-1.5568291629896482,-1.588897564178725
-0.4607351384199399,-0.12380929432965958
0.6113967074588637,0.7420289029794906
-1.8684931726458536,-1.8779887659659078
-1.092105638827009,-1.074766013817714
-0.0662428481402153,0.87654360408152
0.07135376673257093,0.27009543419728654
0.44007440867132974,0.41197158212675383
1.718809811670461,1.8594948076233115
0.3451408807504097,0.4685527785062026
0.901883695835473,0.6578880104331793
2.1712669336940094,2.710745527218326
-1.0278256650660964,-0.2138045580904907
-0.9719676590368325,-0.7978827636184951
0.8098536009980275,0.4277963982471327
1.2827675491322141,0.4389910293888949
-0.13565127239883817,-0.5267153919462082
-1.7665288994892712,-1.0323970195548475
2.1936608024016926,2.309844422090078
0.4551606609287876,0.3268434703880229
-0.6434898229402796,-0.7322853814020757
1.1855825787510357,0.9159303022795986
-0.5676696247917149,-0.1091451515613345
-0.22040990254245996,-0.25288144631783127
0.7724342868025578,0.5622728719144933
-0.8790467915798602,-1.29188226823169
-0.05023187938922363,0.3526272039171724
1.740376374110303,1.9129548077317522
-0.8857311778393593,0.46617766219731077
-0.6869430875723516,-0.3762121037834645
-0.7693127269137635,-0.507105280428242
-0.9201322274288308,-0.41033997334510935
-0.1711566029314552,-0.25396267804778105
-0.4057792487809061,-0.377806532758272
-0.21329549771423895,0.9163114410745667
-1.625455118558105,-1.7332091032089831
0.3978379850176203,0.862000050412134
-0.13684204554730356,-0.3796865251425611
-0.2639778381689605,0.37694778569537224
-1.1119846409353937,-1.1269879102008638
1.187049402406183,1.328631066849436
1.3971859026470381,1.245634960171873
1.021939164575747,0.9595905257500736
-1.6423368633042665,-1.5147547757935393
0.06098491404393047,0.8291210710660528
-0.3337488940948069,0.4048550876357089
-1.8972147166786772,-1.6052712471325676
-0.028437325735608976,-0.02429738377081549
0.060410515433704015,0.3645344890332625
0.8686812391128835,0.5560752738231508
0.03765090734301388,0.17726136694885572
-0.19127494554237545,0.2912314168473797
1.334563245759141,1.4736113922530956
1.338963828068956,1.2260339099106798
-2.704612594370451,-2.8670549537827434
0.6217510111588826,-0.317438554837682
-0.499105697545661,-0.16465102754395128
-1.7888379035221713,-1.7520985727269711
0.3072450316420254,0.09418305823231217
1.237046292810099,1.2487577724105066
-1.336876932584917,-1.0865678595905903
-0.43822764948224946,0.3364009386898723
-1.1712407568229455,-0.9158234772964378
-1.2087632300385773,-0.6719120236796768
0.6140902936081459,1.477393634170035
-0.9403972409471182,-0.542557820111825
-0.061333371372602585,0.46221248901062467
-1.579324843414513,-1.871218116060987
2.1628634801020272,1.8623175613948801
0.15071280151606153,0.602652446306499
-0.31261415793182223,-0.18249984265026167
-0.35357482105637295,0.5755465099998948
-1.6569894040391573,-1.4098194289478103
1.38202169210383,1.1825307417526572
0.0884841693106212,-0.3239847754964302
-0.5605930558940916,-0.2040695150484347
0.03427181529827544,-0.49165561496548443
-1.3384973635023205,-0.5806514027455847
0.07085671205651234,0.6946706116284086
0.610737782923161,0.25590685010422287
1.4873087556846636,0.6517481414030399
0.23792130460627625,-0.008794689485571452
0.4930286178101748,0.513199811077181
-1.5164406171861426,-0.41884874392503835
1.2185083133878087,2.2297318414095484
-1.503225647982564,-1.5679304164304986
1.0819059887773972,1.2609373235629844
0.8149898596449118,1.3679074507209708
-0.8193925155505685,-0.8521588059655938
2.2868392943098783,2.2292736105559734
1.4676982172154545,0.9954902829453182
1.039440148329262,0.9711390068229115
0.6422193711930689,0.028022187025876687
-0.21322914344426977,-0.21722615821867644
-0.26707632444327617,-0.20940882703960811
0.9226866894431083,0.3905305963195172
0.911965835013179,1.4011862750338961
1.5885379444945003,0.1813142178614196
-0.7238148840539225,-0.9114436231372903
1.0148416888038163,0.8244270623849798
1.183698733381091,0.9211507463947922
1.5932277661136074,0.6546595284477861
1.141752612361286,0.7454989065249826
-1.0734561196597698,-0.2709281301578081
-0.2272539747468274,-0.9289891671305796
-1.0386417203632885,-0.8681934306407798
-1.5818857120381962,-1.635463248457858
-0.4026783745416835,0.23694861154594976
0.17965222583535423,-0.08344878322659362
-0.7656748495634849,-0.43998770452970876
-2.905534005348333,-2.95561882434507
-1.3893669723745603,-1.247317469694169
2.0833470522710926,1.1208406514031668
0.3265041500096638,-0.664626000063131
0.38384826276421213,0.3605916776568414
-1.3586965742908288,-1.3906854299752562
1.2519839991844737,1.4387054823592311
0.4089754856967167,-0.1440276600546764
0.1255804613168466,0.2900403964835352
2.1151111545588352,2.325779791881685
2.005736532421886,1.5164401005894037
-0.5757151689453825,-0.3065656212870578
-0.6120977020946246,-0.5932201848703592
-1.1162004022750283,-0.3255450115195318
0.861993421038119,0.5098982484765356
0.8652093353400632,-0.10522413425087113
-0.03463145860357569,-0.39524414500347166
2.1980808344826945,1.4671812507090423
-0.5372609598665024,-0.11420989177783689
2.4177512340514196,2.2995890930373193
-0.38083739843252173,0.09074256375217302
1.671435621434056,1.7853183942247275
0.7434251613868792,0.3573194227106268
1.0138708798010971,0.9629605732494478
-1.4309315628183352,-0.7246110515177244
-1.5112737753562886,-0.8537592225874118
-0.23087601073039937,0.4597059550149875
1.2342795374351103,0.9885532424653152
1.072203769828797,0.040256502000462865
-0.6051642130835907,-1.2863933350836971
-2.308250965862359,-1.360258366289327
-0.7165984331513492,-1.4271364021862412
-1.2994219044320574,-1.767622112939381
-0.6631646133172914,0.10948535944708751
0.9734431133527766,1.1250439217080253
0.534345418823096,-0.013415786924808768
-1.9851980018704598,-2.2604147573378524
-0.8453079865285416,-0.19076046033454871
0.14257208126548998,-0.1627989966326071
1.0272484521851455,2.0959987502254394
-1.568549000798162,-1.4571379129195563
0.17830078210082867,-0.3906776025991957
1.715049788330224,1.7058526805445642
0.20050956636557513,0.44997834134654807
1.0079862004025992,0.5633130735164247
0.601960344567169,0.11458443702387822
0.9849633850907397,0.32994353865726456
1.2147807445017296,0.777609530278536
-0.2687989219241931,-0.8094863188927663
1.244512857626967,0.8780585789081998
-1.2402386923273032,-1.3730030168855392
0.3731224727134452,0.3283679728315381
0.060111103737626154,0.17874096328632716
-1.2224772347219708,-0.6162930881921079
-0.5003410297355511,-0.022685275325646737
-0.7635473936331579,-0.6225401526655531
-0.9509752470605297,-1.0717013268617444
0.36679155738848723,-0.35361474161364437
-1.1248872493094177,-1.1039886353716615
0.8245356095320802,0.3227974640932481
-0.6104276659363032,-1.1500854941523635
0.5962536241466558,0.7119770229910514
-0.8841339622437281,-1.18147906792882
-0.6880589364434371,-0.5662949155810063
0.03646453882405942,-0.624603408215179
1.643068398007805,1.3251467288748389
-0.2649519317275858,0.33028994561659186
-0.13097147646747087,-0.21173380254439425
1.3227755219816633,0.4987194410697233
-2.1978078646030386,-2.107192347329688
0.18072392540662663,-0.043133589640907445
2.2704535966743356,1.9975141778047627
-0.3859649431796277,0.13234650640267256
0.32326714377609245,0.0679131691693355
-0.14878919637511678,0.5481283796421961
0.5827931901136475,0.8956052433143455
-1.4596052091427638,-1.9974666928898597
-1.5039483366368478,-1.6823264817910268
0.058052387212883055,0.21029129108614655
-0.491646051274916,-0.7148765618975097
1.2819791383423484,1.3120252622199142
-0.3088851387093073,-0.3151743898852239
-1.606121472353049,-1.9345307357131178
-1.631697787173563,-1.268013916843997
-2.72950781685323,-2.7496760196305754
-0.390259634586239,-0.23412553728291255
-0.9811858145645111,-0.18838412726438336
-0.8846905879065476,-0.42446270978189776
1.8629822625616548,1.0788790390297387
1.3908814938093106,1.1985198365166936
-0.8321825740568058,-0.1703884233561112
-2.9048708554010614,-2.134693667476856
0.5611996304369665,0.6172815804922585
1.3359534950968166,0.5553602285085755
0.2160125027547687,0.309391570156945
1.6349795260101239,0.9814797493081158
-0.9888627110517113,-1.16482809646104
2.244380615108086,2.008755386185139
-1.6272880077941527,-0.959427753141868
1.2179843880757333,0.7492229272008546
-1.8548137130501552,-1.6873476944133516
-0.4987184604645967,-0.9302646872700508
1.1092836557322796,1.5163686467253361
-0.17237514924589364,-0.2608998230008499
1.0159240821016136,0.8399226051327979
0.15993873043131285,0.2369553887192461
0.09731444054290568,-0.10495815600017268
1.2306517873364353,1.3638503249326897
-0.56118870117254,-0.23665882465190033
-0.9779964161664882,-1.7807381075634705
-0.27876365877098397,-0.8032400919517051
0.1707593561776058,0.5511917287016942
0.6797312591598146,0.39550910636250813
-1.9383976775860148,-1.5670582502354382
-1.316684841239363,-0.724342519408201
-0.06481662850275849,-0.5817213492022466
-1.2175194069379278,-0.365469594114225
-0.9124856318132808,-1.3759135886015514
-0.7547322644060078,-0.6283711081194786
-0.8343837867997917,-0.7286104852595274
0.9764088695735642,0.7715332597619193
1.09972071698737,0.8091213109902438
-0.5589820465032701,-0.145810458088816
-0.033176991495699804,-0.3920397958707315
0.1966095810517251,0.1399243120391134
-1.444602503889594,-0.8165751074555749
-1.2317693239573104,-1.146832082167441
-0.249581701146254,-0.9402212089257169
0.20348423515139158,-0.6348131639714567
-0.8047995709879324,-1.163473799792271
-0.4331121850213103,0.16205955906287475
0.9750191250116524,0.7297156737837084
-1.1616678488686454,-1.5870983007982418
0.3879827028753944,0.02512871121603335
0.1725413490776235,-0.21993579526633558
0.5231402251605684,0.3415086855368029
-0.04914493751885991,-0.012938768103588062
-1.7577830278836402,-1.4535992799316308
-2.2113570581079136,-1.2623892988571654
0.19924445894164813,0.029423575584972723
1.1218073415716037,1.0287809197455093
-1.9353994496305948,-2.214187371043003
-0.3230452668448671,0.34572657980157995
1.5121303499451733,1.1896220052876432
0.8742466711041754,-0.1530258762062131
0.5894275614153964,0.5502024960264408
-0.7339017405010726,-0.7030690808978022
0.03513497876597367,-0.11936619927687682
-0.6047450059529826,-1.6209135183081516
-2.8561671892688194,-2.344343308418874
1.0443692679222276,0.9427658012252752
-1.384823638873264,-0.9849949277244419
-0.729030205425928,-0.4555278450034305
-1.4112374072111629,-1.3864422532701932
-0.7363080822770964,-1.4099697030838758
0.726657600249752,-0.17383770009461635
-0.5055061218222934,-0.7295771941356465
0.18967363648295582,0.37797099799469847
1.6989078522988512,0.4525384189795919
0.10707240565984708,0.32084964632460716
-0.04696716625142497,0.2386007909284437
0.6902966826425228,1.5777682049318862
-0.36954798442251424,-1.067593769044886
0.42918792998272925,-0.05493486620291775
2.3415925885778117,1.1326898205195888
0.5697781332289735,1.2645398093380364
-0.6926782456050181,-1.4217636493445729
-0.2772876824728062,-0.3123554416558699
1.7611712042673286,1.3581210958672605
-0.3158094653531702,0.5080791051990653
0.9293039428124213,0.19526303147977275
0.17557368223125847,-0.21768469343465674
-0.4032559431008542,-0.38380092570774543
0.6107754069208848,0.2882190630903242
-0.635121775505608,-0.25237412498448336
-0.33229866383529383,-0.04257862104444418
-0.15312360069766073,0.07859870611503737
-1.6044354593386383,-0.6780715284934992
0.9630086209831219,0.5321293738814383
3.5100414555067028,2.9142446484154196
-2.127658714207996,-1.7769866393260751
0.49811403216238925,0.3240125241899799
-0.8929603259335237,-0.7601900886189056
0.7415395585597652,0.57740257751925
-0.2672311472776537,0.04655747332786092
0.3201421959986456,0.7618547740424635
1.7015440195206508,1.1755065765087795
0.16048582520593502,0.19242111776818133
2.1431067638409163,1.1320522884141782
-2.3211429113916076,-2.3442978937886774
1.127413277740777,1.5904522979160232
0.9885325901103095,0.3750621518923401
1.3932434378181917,1.0778433557451819
-0.8564393129933099,-1.2198757448415216
-0.2354695421713764,-0.8307698816053357
-0.18045985277812313,0.14593829414477413
-0.0806645438301068,-0.017037889337463016
0.19734367226609295,0.2830685880099896
0.43914189247215696,1.0845151609299661
-1.8970153903819709,-1.7652203153028492
1.6420088006557212,0.9738190717173091
0.12695096185485052,0.008281909957927018
-0.8768125250470417,-0.20378186112454774
-2.2490349402173577,-1.4711152343848903
1.3354366977510006,0.503048668376865
-2.4592673561586023,-2.414107851031037
0.324688908387904,0.6483940112387127
-1.6291017179214935,-1.492105835472992
-0.685195964541192,0.053457912617474034
0.5923787374278895,-0.11916883732792043
0.9730116785008689,1.1695381472938837
0.5050455948553207,-0.17865516901389017
-0.668312703922008,-0.6941385611456656
0.20816329131301692,-0.506602695971203
1.4012300182762063,1.2728827687546636
0.9629133006154316,0.5362969691808936
-0.026083458478992905,-0.3856299815231613
0.07519911316147193,-0.23644641996451343
-1.3932098519940916,-1.567177090585447
0.2720488427937485,0.388474200851541
-0.8020983619090356,-1.7598157076954657
0.29832797328750577,0.7517964658354561
0.13077541366284567,0.12862159249126584
2.3943947371777203,2.3869517995739225
-0.8989151770525451,-1.1001355537243058
-0.3173984139878835,-0.10266209104063294
1.9556608537178566,1.7982877009230627
1.1069683476899312,1.1913896402914144
-1.4871883102988495,-0.6962120515798997
0.22874357150187097,0.22396742837344774
-0.5482833100999887,0.001999356415087233
-0.5852370138302934,0.2819558673941572
-0.6302437756401373,-0.6986804359848298
0.1546212683090487,-0.08932040270073452
-1.3347033542244255,-1.5980523752767137
0.41870880537792915,0.13512345186808206
-0.5162738370484732,0.45002067342183205
-0.9079278765976188,-0.227419412643884
-0.6282901721779524,-1.6150508905847878
0.4649274828129444,0.9885318628514624
0.6699455535611468,0.3645250379928023
-1.0694839085338999,-0.7260150977009768
-0.24076407720428172,-0.28060044683806395
-1.817296503918636,-1.5006694027818388
-0.7446395504680821,-1.0254101277779044
-0.4694242876987899,-0.5378113463571395
1.0042759254580345,1.2284208122801512
-1.164589450727831,-0.6395033908874757
0.7741007580750143,0.6402136593287587
-1.1446756023828748,-0.5383162028615798
0.4616880819122941,0.24794756085187486
1.1718469523746478,-0.14139550214380217
1.5481416257237495,0.8730566000927434
-0.17563739477147644,-0.5348113382185579
-1.6153318988730148,-1.572528250002441
-2.3513253448653955,-1.3819490313636327
-1.1930206918928494,-0.5318774939427574
-0.607663542626696,-1.2490599706780527
0.015333975617161377,0.4102120156795513
-0.8153942139401011,-0.4657681648580778
2.291781312184421,2.3746065500264315
-2.2687377245604092,-1.737714595137132
-0.4097511885660169,0.20363317870980122
-1.1531900598963798,-1.127953023505669
-0.9391660677186967,-0.4934013403826786
-0.22908981654890326,0.14141947334054417
-2.71596688794779,-2.325371374874287
0.4980062237052618,0.23682611678802748
1.7868446170264891,1.9029074622741677
-0.5427242823155197,-0.45343829836859284
0.5582808054599511,0.2598078568055095
0.9539018890089292,1.0249216931253993
-0.303080384255583,-0.16395350002699655
-0.3457350107463978,-0.5809601885314832
-1.9416374819429367,-2.2757364037217522
0.5674539696406712,0.6409907193949733
-0.07286452191863643,-0.11316840972889723
-1.4035789662548257,-1.0126838513881617
-0.3037448113045692,0.12659671027769356
-0.1991066058227775,-0.5836803568061814
-0.3059550998432148,-0.5284261311155256
0.8339403753169963,0.6062911561087082
-1.1979552369610833,-1.3383824113238445
1.0704169239812353,1.0473152860737585
-1.049480217707019,-1.3976861631184037
-0.1951470278438719,-0.6627014083552638
2.378560196661901,1.9229461940665773
1.0769658036694287,1.1273547616424222
0.7911003574498592,0.09760399249544019
-0.8262998746350559,-0.9405302155012165
-0.213084210416994,-0.5292723066998932
0.21431926000313628,0.0732753145856964
0.16102658608168546,0.03752323233959842
-0.45874692475112266,-0.09087092962596285
0.31984290508822866,-0.03083251408418433
1.2082720877487054,-0.2143751097051141
-1.6293762730350545,-1.4419787356400129
-0.4810133844483587,-0.5165107421608328
0.6915214218132153,0.9146240539868465
-1.6123442483320847,-1.3683342975511175
0.5826692275200579,-0.18955551153927852
-1.1562394376345764,-0.819753928770844
-0.12568980728506932,0.11135042939811132
-1.1823795929324687,-0.38863318106681816
1.0985878027035454,1.477393664974669
-0.34761679228642006,0.5065831541902538
-0.9959008161712469,-1.3118031657772113
2.0710766225323534,0.6712280116136986
-0.957991253087324,-0.774651856262063
-1.4103753378726522,-0.5769963713775336
0.7638188523219884,0.3138190201071218
-0.8552098991952132,-0.49174741973013475
1.5425292815997254,0.8928558163229553
-0.9155245854083678,-0.7745100615133954
-0.9348543971327536,-0.6189465525913632
-0.7453496714209521,-0.6563708935481088
-0.18675036788694532,-0.5656387483550389
0.9854812401699846,1.099191555547813
0.3804339422134504,0.6287962936103031
1.6105281525226351,1.709943954012071
1.631716611648812,2.2676442038992546
-0.8322012307853497,-1.0307170319323398
-0.8229441695951663,0.07041912732728889
-1.3982610438261907,-1.176200316643433
-0.3979133233328955,-0.7776059277482671
-0.478558368789311,-0.6300825102556694
-0.7619945876450792,-1.0571548741382744
-1.0844101092578182,-1.0518872728984137
0.4405887119725035,-0.14428437852025486
-0.7543688200015111,-1.216718418386407
1.06519746126147,0.8421269591376328
-0.4539806487607427,-0.9177535374175142
3.1847807472981806,2.809568970096392
-0.6711162076378403,-0.45138445096439517
-0.5999318139286146,0.07201764191705222
-1.0851601215447233,-1.2953411844660352
1.9791363735433536,1.7060917581276394
1.664736676372199,1.1195006808029162
-0.17124476678653422,0.29691587073611253
-1.8000180784181472,-1.3468025487795656
0.44061701087850547,0.21066687772462028
-1.1570145404437984,-1.121431046017255
0.5194744581877967,1.4623552634733608
0.996748813730268,0.8091947318531727
-0.8307724190067411,0.09543903848773612
-2.9090039391840103,-2.4363756632473224
-0.30757529222897706,-0.9834159786590306
1.60020064050343,0.6877611315998724
0.605055507487175,1.2128836917231558
0.9444740427857844,1.1091698114921316
-1.5707017407021024,-1.5920130022414554
1.1921657706036881,0.30155230681290407
0.7690807425707288,1.0155152164829295
-1.8967775770988842,-1.6583355655822452
0.7664582638581946,-0.007904515373236347
0.08644782194932724,0.27384239830845625
0.060336269636493856,-0.3007645848467349
-2.590733337957415,-1.8521618554012016
-0.4113144821198918,-0.3256981100737287
-1.1571038494182262,-0.327305430255024
-0.6757892950256064,-0.1480724045477542
-0.14387074784893789,-0.5634714254250696
-0.46796484878482364,-0.4430121532414673
-0.19925915262346522,-0.0397062823469779
0.06807979297925232,0.4424546049697111
-0.4147547994773086,-0.3044267628566672
-0.2590923448176551,-0.4096489283680019
0.583812141485339,0.09235403825445808
-3.2334892679435825,-1.9209159258951816
0.06115454009505322,0.4770351272264581
0.07898502397154405,-0.0005630971229588082
-0.009738031383581106,0.039693526597561826
1.1624224288578264,0.960734307594464
-1.8190453869849712,-1.9528155300482481
-2.1262678013556675,-1.9738338698589637
0.010377247329931005,0.27380384532351953
-0.12986759999626624,-0.007116855128515773
0.7445481181033036,0.17017694319193222
-0.8281310416253027,-0.46212707517244556
0.6329503126679534,0.6643536742399312
1.0243099499903305,0.93263884299112
1.264157758888756,0.48398229395152703
-0.41098258752273975,-0.26082845840458313
-1.6282860596089224,-2.107689387614403
1.3852259096696393,0.7692362080371281
1.1898515337222686,1.2217286662175928
0.5391989224455987,0.64455841198398
-1.0441692633916146,-0.8796424273675065
0.5458828265464667,0.6737943936677578
1.287649638249862,0.8605297079614455
1.6743212364268427,1.5588162477990857
-0.758465069643023,-0.8761099242279576
-0.7890663397340559,-0.22645458454413847
0.26352701245583793,0.7472720511434552
1.1291334838266478,0.05741007143815779
-1.2062404646956195,-1.1173276020512748
0.02723028723752291,0.414616285026703
1.2942112166098152,0.5786616338151667
0.22886717067277804,0.08796289633100199
0.508662385612205,0.21958492717994416
-0.32772943932649695,-0.25870590168573016
1.3189423904276572,1.4782789357160593
-0.9854853699613217,-0.9006921837126766
-1.2786898479130921,-0.5873207627637789
-0.032978191182423115,0.010985513527525621
1.0269705662222013,0.8789540277008926
-0.5721415531726598,-1.4973731700945367
-1.2672972172628314,-1.3102967497654392
-3.2048170288398703,-2.037728507734718
-0.014297491139039921,0.03269522525327079
0.25144624934760906,-1.1183058172065439
0.04863300747460314,-0.3845501100179167
0.2559337179874137,0.661378189891708
-0.3459894635675682,-0.6415427207828466
-0.1397246897015056,0.23128202274336457
-0.9762416675251508,-0.29933790775172203
0.4979296334794007,0.6721143150964368
0.5208912869674394,0.4751280673480088
-1.6280114473913079,-0.69193369617461
-0.7432313986697705,-0.16865175340045263
1.0489111793116717,1.0437433977204944
0.18929028225961994,0.393376870254097
-1.1995564221780861,-1.3969620577511315
0.04828389751710194,0.6556180611713827
-0.7275537481595878,-1.0846106224362382
0.8206335214309085,1.412513069961006
1.8454659908098399,1.024098839841025
-0.5679936662707574,0.2898854759184008
-0.3890442917555129,0.1572328434361934
-0.00034685451150540114,-0.20903225602742
1.5106405771488471,0.6785239514000281
-0.2132566514039763,-0.37077816946206166
0.5169988307310894,0.23556987063989387
0.8807028173559803,0.8719343665194511
-1.0750057705831864,-0.5618065435255897
-0.8612619141103842,-0.6161927399906946
-1.8003203407150974,-1.194365480724459
-1.703827730014608,-1.0644727461261723
-1.627520851781629,-1.8283953114415024
0.16823979797154875,0.7298287890155296
1.9686915454444516,1.8089145420827708
0.7744175673597568,1.4253289434703056
-1.4778929785681392,-1.6260844886265164
0.4805133870747187,0.7248546715562
2.1254141167488787,1.4221063499235564
-0.29495053294913154,-0.456809980738664
0.7193388771471202,0.10144743065004946
-2.3857164090172667,-2.0078930508046704
0.29480783809872513,0.2667361679766415
-1.5541033084928566,-1.0635597294347174
-0.007167603460694533,0.19963501791151453
-1.692255033561195,-1.5612029221888803
0.1799291141340263,0.5428582244775959
0.41676124600384223,1.0245126754266898
-1.4899385235414941,-0.7831798617151676
-2.306796639264133,-1.1369225814104345
-2.6841962743017103,-2.156023042549981
0.04733341426074522,-0.26641353407517704
-1.3808432002882465,-0.5815939342816051
-2.235080835474707,-1.5510194123480547
1.3484680419286292,0.45301875631217164
-0.7682184067887762,-0.44997038186464916
-0.9152129540628146,-1.0757359586452324
-0.23341383239019975,-0.5545724056404471
1.4025676038202557,1.0713045389296156
-0.15822017154880763,0.6029369437552222
-0.24555590144823494,-0.13002606149848983
-0.1900086162943435,0.6191050184648526
0.06224697306842275,-1.160911956386739
-0.7650675312807695,0.03237010072703053
-0.3765977789484395,0.14732233048647056
-0.9901369359194792,-0.4698365084987269
-0.31287190240402235,0.43545833595741784
-0.10413649976617856,-0.7804334546444512
1.7210446583178658,0.5098207077761179
0.31398421187498327,0.5518587715312919
-3.5773714541192714,-2.917159880697066
0.07184295414710706,1.1903057035101177
-3.1696869246138046,-3.047632565352754
-0.7742317371368472,-0.6160490255561253
0.6996999710776828,1.025348034257755
-0.2065990982643265,-0.31728672525244067
-1.2685994110617989,-1.466185982469542
-0.9321954327477203,-1.0937370617166706
0.8688433103363761,1.0269057463206197
-2.472315445335769,-1.9215045305486382
1.4619076498653751,1.1289911009620173
-0.048845219331524116,-0.05510209904228934
-0.7482165680251084,-1.1923953304424335
-0.18807729756657543,-0.5831150723026911
-1.7281053756251992,-1.0172243411016413
0.149114097129727,0.8662252008585286
0.35465745039257407,0.7324278097628383
-2.2472938380213807,-1.7191611338760466
-0.02596623053128372,-0.4035921185193341
-0.6875308243503182,-0.8631856623442771
1.8431019653520258,1.2935099684593703
-1.1518557094209618,-1.350099118126421
1.7085538956216983,1.604229104685014
0.5665701506551477,-0.033294739516937566
-0.9270707365125633,-1.1619344063800876
-0.6432237022904185,-0.6772741840092779
-0.061392323803107884,-0.8016188407684506
-1.217027960439111,-1.274618402015506
-0.05734344272858516,0.09482685973037566
-1.6468271800806682,-1.2279155506918433
-1.8288534792154831,-2.1803662087381888
0.23884880007306136,-0.3796764708481731
-1.8281498971345977,-1.8028561964178826
-0.09820305617760106,-0.7521608680675204
-1.894110404589144,-0.9091028886033559
-0.8989427594297716,-0.8712160720258142
1.9809156455379355,2.0009631015901537
-0.30708561903410275,0.05641156716957076
1.4373015279862686,0.24537100899533215
-1.809494612686675,-1.7763982963422946
-0.8578285194391386,-0.6539631336369219
0.22828368665826448,0.21530262994151197
-2.025935782175921,-1.0245289129130064
0.5281288808455278,0.9080628435179854
-0.711076601178328,-1.2026965859010301
-0.600838813331563,-0.2863661358651756
-1.0004892213756944,-0.5860516399755586
0.8190834776391162,0.16432065938191598
0.029637128620488506,-0.640490071855426
-0.012398390990366437,-0.27089362707093734
-0.4636887587973192,-0.23613009177798555
-0.8541232899494627,-0.734387757391301
0.08301888770963317,0.48509386849711267
-0.25899818467689717,0.23838837483742528
-0.6108221894073835,-0.0886139452531673
-0.7394855368545619,-0.4304583334619581
0.2791835351776245,0.796544030519997
-1.0176868030857558,-0.23583424381418136
-0.1969959529489843,-0.3066972878259372
0.22198782033484454,0.10469002988812601
2.546983062185009,1.6965866829708507
-1.6745253921985552,-1.340356208021204
0.91790718786699,0.7698568930553547
-1.7368148716007041,-1.893171161238105
0.09035437766585741,0.21727315822862395
1.9472496219835689,1.5750828276087308
0.8762831178926643,0.48866852446730713
0.3343306261385628,0.1706250785397928
-0.6882693213269733,-0.5604494688030756
-0.14771785378871327,0.03104720048855424
-0.9359397648018859,-0.2520628154033563
-1.1889354972402013,-0.7859766079313554
-0.6008793774257137,-0.28987561547486984
-0.36360472058827753,0.19838116062643954
-0.5472550851868082,-0.7672170685306403
-0.20796788619117912,-0.8062818206846841
-1.8142746537567493,-1.3602434375921744
0.5324457439612147,0.3907250260888961
0.028267692202205263,0.5453232619670604
0.0791993587669364,0.23166044423651747
0.6200057031397779,0.9651704927286658
0.3888154613839483,0.08786763708072752
0.05261685044466757,0.3920109373657567
0.8096676324908862,0.30383742563756283
-0.2144004062493074,-0.09154001941820787
-0.8556236829270627,-0.5308218281296473
1.5874999846193296,2.214152615791911
